<mods:title>,<mods:subject>,<mods:publisher>,<mods:dateCreated>,<mods:dateModified>,<mods:extent>,<mods:identifier type= "local">,<mods:physicalLocation>,<mods:language>,<mods:accessCondition type="">,<mods:identifier type="doi">,filename,type
The Thistle 1906,College Yearbooks,Carnegie Institute of Technology,1906-01-01T00:00:00,2017-12-15T00:00:00,206 pages,https://digitalcollections.library.cmu.edu/data/Library2/TYB/TYB_1906_0001/pdf/TYB_1906_0001.pdf,Carnegie-Mellon University,English,In Public Domain,http://doi.library.cmu.edu/10.1184/pmc/TYB/TYB_1906_0001/TYB_1906_0001,TYB_1906_0001.pdf,paged_content
The Thistle 1907,College Yearbooks,Carnegie Institute of Technology,1907-01-01T00:00:00,2020-02-12T00:00:00,267 pages,https://digitalcollections.library.cmu.edu/data/Library2/TYB/TYB_1907_0001/pdf/TYB_1907_0001.pdf,Carnegie-Mellon University,English,In Public Domain,http://doi.library.cmu.edu/10.1184/pmc/TYB/TYB_1907_0001/TYB_1907_0001,TYB_1907_0001.pdf,paged_content
The Thistle 1908,College Yearbooks,Carnegie Institute of Technology,1908-01-01T00:00:00,2017-12-15T00:00:00,352 pages,https://digitalcollections.library.cmu.edu/data/Library2/TYB/TYB_1908_0001/pdf/TYB_1908_0001.pdf,Carnegie-Mellon University,English,In Public Domain,http://doi.library.cmu.edu/10.1184/pmc/TYB/TYB_1908_0001/TYB_1908_0001,TYB_1908_0001.pdf,paged_content
The Thistle 1909,College Yearbooks,Carnegie Institute of Technology,1909-01-01T00:00:00,2017-12-15T00:00:00,353 pages,https://digitalcollections.library.cmu.edu/data/Library2/TYB/TYB_1909_0001/pdf/TYB_1909_0001.pdf,Carnegie-Mellon University,English,In Public Domain,http://doi.library.cmu.edu/10.1184/pmc/TYB/TYB_1909_0001/TYB_1909_0001,TYB_1909_0001.pdf,paged_content
The Thistle 1910,College Yearbooks,Carnegie Institute of Technology,1910-01-01T00:00:00,2018-02-23T00:00:00,226 pages,https://digitalcollections.library.cmu.edu/data/Library2/TYB/TYB_1910_0001/pdf/TYB_1910_0001.pdf,Carnegie-Mellon University,English,In Public Domain,http://doi.library.cmu.edu/10.1184/pmc/TYB/TYB_1910_0001/TYB_1910_0001,TYB_1910_0001.pdf,paged_content
The Thistle 1911,College Yearbooks,Carnegie Institute of Technology,1911-01-01T00:00:00,2018-02-23T00:00:00,304 pages,https://digitalcollections.library.cmu.edu/data/Library2/TYB/TYB_1911_0001/pdf/TYB_1911_0001.pdf,Carnegie-Mellon University,English,In Public Domain,http://doi.library.cmu.edu/10.1184/pmc/TYB/TYB_1911_0001/TYB_1911_0001,TYB_1911_0001.pdf,paged_content
The Thistle 1912,College Yearbooks,Carnegie Institute of Technology,1912-01-01T00:00:00,2018-02-23T00:00:00,342 pages,https://digitalcollections.library.cmu.edu/data/Library2/TYB/TYB_1912_0001/pdf/TYB_1912_0001.pdf,Carnegie-Mellon University,English,In Public Domain,http://doi.library.cmu.edu/10.1184/pmc/TYB/TYB_1912_0001/TYB_1912_0001,TYB_1912_0001.pdf,paged_content
The Thistle 1913,College Yearbooks,Carnegie Institute of Technology,1913-01-01T00:00:00,2018-02-23T00:00:00,400 pages,https://digitalcollections.library.cmu.edu/data/Library2/TYB/TYB_1913_0001/pdf/TYB_1913_0001.pdf,Carnegie-Mellon University,English,In Public Domain,http://doi.library.cmu.edu/10.1184/pmc/TYB/TYB_1913_0001/TYB_1913_0001,TYB_1913_0001.pdf,paged_content
The Thistle 1914,College Yearbooks,Carnegie Institute of Technology,1914-01-01T00:00:00,2018-02-23T00:00:00,396 pages,https://digitalcollections.library.cmu.edu/data/Library2/TYB/TYB_1914_0001/pdf/TYB_1914_0001.pdf,Carnegie-Mellon University,English,In Public Domain,http://doi.library.cmu.edu/10.1184/pmc/TYB/TYB_1914_0001/TYB_1914_0001,TYB_1914_0001.pdf,paged_content
The Thistle 1915,College Yearbooks,Carnegie Institute of Technology,1915-01-01T00:00:00,2018-02-23T00:00:00,442 pages,https://digitalcollections.library.cmu.edu/data/Library2/TYB/TYB_1915_0001/pdf/TYB_1915_0001.pdf,Carnegie-Mellon University,English,In Public Domain,http://doi.library.cmu.edu/10.1184/pmc/TYB/TYB_1915_0001/TYB_1915_0001,TYB_1915_0001.pdf,paged_content
The Thistle 1916,College Yearbooks,Carnegie Institute of Technology,1916-01-01T00:00:00,2018-02-23T00:00:00,462 pages,https://digitalcollections.library.cmu.edu/data/Library2/TYB/TYB_1916_0001/pdf/TYB_1916_0001.pdf,Carnegie-Mellon University,English,In Public Domain,http://doi.library.cmu.edu/10.1184/pmc/TYB/TYB_1916_0001/TYB_1916_0001,TYB_1916_0001.pdf,paged_content
The Thistle 1917,College Yearbooks,Carnegie Institute of Technology,1917-01-01T00:00:00,2018-02-23T00:00:00,422 pages,https://digitalcollections.library.cmu.edu/data/Library2/TYB/TYB_1917_0001/pdf/TYB_1917_0001.pdf,Carnegie-Mellon University,English,In Public Domain,http://doi.library.cmu.edu/10.1184/pmc/TYB/TYB_1917_0001/TYB_1917_0001,TYB_1917_0001.pdf,paged_content
The Thistle 1918,College Yearbooks,Carnegie Institute of Technology,1918-01-01T00:00:00,2018-02-23T00:00:00,362 pages,https://digitalcollections.library.cmu.edu/data/Library2/TYB/TYB_1918_0001/pdf/TYB_1918_0001.pdf,Carnegie-Mellon University,English,In Public Domain,http://doi.library.cmu.edu/10.1184/pmc/TYB/TYB_1918_0001/TYB_1918_0001,TYB_1918_0001.pdf,paged_content
The Thistle 1919,College Yearbooks,Carnegie Institute of Technology,1919-01-01T00:00:00,2018-02-23T00:00:00,408 pages,https://digitalcollections.library.cmu.edu/data/Library2/TYB/TYB_1919_0001/pdf/TYB_1919_0001.pdf,Carnegie-Mellon University,English,In Public Domain,http://doi.library.cmu.edu/10.1184/pmc/TYB/TYB_1919_0001/TYB_1919_0001,TYB_1919_0001.pdf,paged_content
The Thistle 1920,College Yearbooks,Carnegie Institute of Technology,1920-01-01T00:00:00,2018-02-24T00:00:00,384 pages,https://digitalcollections.library.cmu.edu/data/Library2/TYB/TYB_1920_0001/pdf/TYB_1920_0001.pdf,Carnegie-Mellon University,English,In Public Domain,http://doi.library.cmu.edu/10.1184/pmc/TYB/TYB_1920_0001/TYB_1920_0001,TYB_1920_0001.pdf,paged_content
The Thistle 1921,College Yearbooks,Carnegie Institute of Technology,1921-01-01T00:00:00,2018-02-23T00:00:00,410 pages,https://digitalcollections.library.cmu.edu/data/Library2/TYB/TYB_1921_0001/pdf/TYB_1921_0001.pdf,Carnegie-Mellon University,English,In Public Domain,http://doi.library.cmu.edu/10.1184/pmc/TYB/TYB_1921_0001/TYB_1921_0001,TYB_1921_0001.pdf,paged_content
The Thistle 1922,College Yearbooks,Carnegie Institute of Technology,1922-01-01T00:00:00,2018-02-23T00:00:00,422 pages,https://digitalcollections.library.cmu.edu/data/Library2/TYB/TYB_1922_0001/pdf/TYB_1922_0001.pdf,Carnegie-Mellon University,English,In Public Domain,http://doi.library.cmu.edu/10.1184/pmc/TYB/TYB_1922_0001/TYB_1922_0001,TYB_1922_0001.pdf,paged_content
The Thistle 1923,College Yearbooks,Carnegie Institute of Technology,1923-01-01T00:00:00,2018-02-23T00:00:00,416 pages,https://digitalcollections.library.cmu.edu/data/Library2/TYB/TYB_1923_0001/pdf/TYB_1923_0001.pdf,Carnegie-Mellon University,English,no copyright - other known legal restrictions,http://doi.library.cmu.edu/10.1184/pmc/TYB/TYB_1923_0001/TYB_1923_0001,TYB_1923_0001.pdf,paged_content
The Thistle 1924,College Yearbooks,Carnegie Institute of Technology,1924-01-01T00:00:00,2018-02-23T00:00:00,406 pages,https://digitalcollections.library.cmu.edu/data/Library2/TYB_1924_0001/pdf/TYB_1924_0001.pdf,Carnegie-Mellon University,English,no copyright - other known legal restrictions,http://doi.library.cmu.edu/10.1184/pmc/TYB_1924_0001/TYB_1924_0001,TYB_1924_0001.pdf,paged_content
The Thistle 1925,College Yearbooks,Carnegie Institute of Technology,1925-01-01T00:00:00,2018-02-23T00:00:00,407 pages,https://digitalcollections.library.cmu.edu/data/Library2/TYB_1925_0001/pdf/TYB_1925_0001.pdf,Carnegie-Mellon University,English,no copyright - other known legal restrictions,http://doi.library.cmu.edu/10.1184/pmc/TYB_1925_0001/TYB_1925_0001,TYB_1925_0001.pdf,paged_content
The Thistle 1926,College Yearbooks,Carnegie Institute of Technology,1926-01-01T00:00:00,2018-02-23T00:00:00,418 pages,https://digitalcollections.library.cmu.edu/data/Library2/TYB_1926_0001/pdf/TYB_1926_0001.pdf,Carnegie-Mellon University,English,no copyright - other known legal restrictions,http://doi.library.cmu.edu/10.1184/pmc/TYB_1926_0001/TYB_1926_0001,TYB_1926_0001.pdf,paged_content
The Thistle 1927,College Yearbooks,Carnegie Institute of Technology,1927-01-01T00:00:00,2018-02-23T00:00:00,414 pages,https://digitalcollections.library.cmu.edu/data/Library2/TYB_1927_0001/pdf/TYB_1927_0001.pdf,Carnegie-Mellon University,English,no copyright - other known legal restrictions,http://doi.library.cmu.edu/10.1184/pmc/TYB_1927_0001/TYB_1927_0001,TYB_1927_0001.pdf,paged_content
The Thistle 1928,College Yearbooks,Carnegie Institute of Technology,1928-01-01T00:00:00,2018-02-23T00:00:00,390 pages,https://digitalcollections.library.cmu.edu/data/Library2/TYB_1928_0001/pdf/TYB_1928_0001.pdf,Carnegie-Mellon University,English,no copyright - other known legal restrictions,http://doi.library.cmu.edu/10.1184/pmc/TYB_1928_0001/TYB_1928_0001,TYB_1928_0001.pdf,paged_content
The Thistle 1929,College Yearbooks,Carnegie Institute of Technology,1929-01-01T00:00:00,2018-02-23T00:00:00,324 pages,https://digitalcollections.library.cmu.edu/data/Library2/TYB_1929_0001/pdf/TYB_1929_0001.pdf,Carnegie-Mellon University,English,no copyright - other known legal restrictions,http://doi.library.cmu.edu/10.1184/pmc/TYB_1929_0001/TYB_1929_0001,TYB_1929_0001.pdf,paged_content
The Thistle 1930,College Yearbooks,Carnegie Institute of Technology,1930-01-01T00:00:00,2018-02-23T00:00:00,258 pages,https://digitalcollections.library.cmu.edu/data/Library2/TYB_1930_0001/pdf/TYB_1930_0001.pdf,Carnegie-Mellon University,English,no copyright - other known legal restrictions,http://doi.library.cmu.edu/10.1184/pmc/TYB_1930_0001/TYB_1930_0001,TYB_1930_0001.pdf,paged_content
The Thistle 1931,College Yearbooks,Carnegie Institute of Technology,1931-01-01T00:00:00,2018-02-23T00:00:00,250 pages,https://digitalcollections.library.cmu.edu/data/Library2/TYB_1931_0001/pdf/TYB_1931_0001.pdf,Carnegie-Mellon University,English,no copyright - other known legal restrictions,http://doi.library.cmu.edu/10.1184/pmc/TYB_1931_0001/TYB_1931_0001,TYB_1931_0001.pdf,paged_content
The Thistle 1932,College Yearbooks,Carnegie Institute of Technology,1932-01-01T00:00:00,2018-02-23T00:00:00,264 pages,https://digitalcollections.library.cmu.edu/data/Library2/TYB_1932_0001/pdf/TYB_1932_0001.pdf,Carnegie-Mellon University,English,no copyright - other known legal restrictions,http://doi.library.cmu.edu/10.1184/pmc/TYB_1932_0001/TYB_1932_0001,TYB_1932_0001.pdf,paged_content
The Thistle 1933,College Yearbooks,Carnegie Institute of Technology,1933-01-01T00:00:00,2018-02-23T00:00:00,224 pages,https://digitalcollections.library.cmu.edu/data/Library2/TYB/TYB_1933_0001/pdf/TYB_1933_0001.pdf,Carnegie-Mellon University,English,no copyright - other known legal restrictions,http://doi.library.cmu.edu/10.1184/pmc/TYB/TYB_1933_0001/TYB_1933_0001,TYB_1933_0001.pdf,paged_content
The Thistle 1934,College Yearbooks,Carnegie Institute of Technology,1934-01-01T00:00:00,2020-02-12T00:00:00,206 pages,https://digitalcollections.library.cmu.edu/data/Library2/TYB/TYB_1934_0001/pdf/TYB_1934_0001.pdf,Carnegie-Mellon University,English,no copyright - other known legal restrictions,http://doi.library.cmu.edu/10.1184/pmc/TYB/TYB_1934_0001/TYB_1934_0001,TYB_1934_0001.pdf,paged_content
The Thistle 1935,College Yearbooks,Carnegie Institute of Technology,1935-01-01T00:00:00,2018-02-23T00:00:00,274 pages,https://digitalcollections.library.cmu.edu/data/Library2/TYB/TYB_1935_0001/pdf/TYB_1935_0001.pdf,Carnegie-Mellon University,English,no copyright - other known legal restrictions,http://doi.library.cmu.edu/10.1184/pmc/TYB/TYB_1935_0001/TYB_1935_0001,TYB_1935_0001.pdf,paged_content
The Thistle 1936,College Yearbooks,Carnegie Institute of Technology,1936-01-01T00:00:00,2018-02-23T00:00:00,272 pages,https://digitalcollections.library.cmu.edu/data/Library2/TYB/TYB_1936_0001/pdf/TYB_1936_0001.pdf,Carnegie-Mellon University,English,no copyright - other known legal restrictions,http://doi.library.cmu.edu/10.1184/pmc/TYB/TYB_1936_0001/TYB_1936_0001,TYB_1936_0001.pdf,paged_content
The Thistle 1937,College Yearbooks,Carnegie Institute of Technology,1937-01-01T00:00:00,2018-02-23T00:00:00,234 pages,https://digitalcollections.library.cmu.edu/data/Library2/TYB/TYB_1937_0001/pdf/TYB_1937_0001.pdf,Carnegie-Mellon University,English,no copyright - other known legal restrictions,http://doi.library.cmu.edu/10.1184/pmc/TYB/TYB_1937_0001/TYB_1937_0001,TYB_1937_0001.pdf,paged_content
The Thistle 1938,College Yearbooks,Carnegie Institute of Technology,1938-01-01T00:00:00,2017-12-15T00:00:00,268 pages,https://digitalcollections.library.cmu.edu/data/Library2/TYB/TYB_1938_0001/pdf/TYB_1938_0001.pdf,Carnegie-Mellon University,English,no copyright - other known legal restrictions,http://doi.library.cmu.edu/10.1184/pmc/TYB/TYB_1938_0001/TYB_1938_0001,TYB_1938_0001.pdf,paged_content
The Thistle 1939,College Yearbooks,Carnegie Institute of Technology,1939-01-01T00:00:00,2020-02-12T00:00:00,240 pages,https://digitalcollections.library.cmu.edu/data/Library2/TYB/TYB_1939_0001/pdf/TYB_1939_0001.pdf,Carnegie-Mellon University,English,no copyright - other known legal restrictions,http://doi.library.cmu.edu/10.1184/pmc/TYB/TYB_1939_0001/TYB_1939_0001,TYB_1939_0001.pdf,paged_content
The Thistle 1940,College Yearbooks,Carnegie Institute of Technology,1940-01-01T00:00:00,2018-02-23T00:00:00,248 pages,https://digitalcollections.library.cmu.edu/data/Library2/TYB/TYB_1940_0001/pdf/TYB_1940_0001.pdf,Carnegie-Mellon University,English,no copyright - other known legal restrictions,http://doi.library.cmu.edu/10.1184/pmc/TYB/TYB_1940_0001/TYB_1940_0001,TYB_1940_0001.pdf,paged_content
The Thistle 1941,College Yearbooks,Carnegie Institute of Technology,1941-01-01T00:00:00,2018-02-23T00:00:00,256 pages,https://digitalcollections.library.cmu.edu/data/Library2/TYB/TYB_1941_0001/pdf/TYB_1941_0001.pdf,Carnegie-Mellon University,English,no copyright - other known legal restrictions,http://doi.library.cmu.edu/10.1184/pmc/TYB/TYB_1941_0001/TYB_1941_0001,TYB_1941_0001.pdf,paged_content
The Thistle 1942,College Yearbooks,Carnegie Institute of Technology,1942-01-01T00:00:00,2018-02-23T00:00:00,244 pages,https://digitalcollections.library.cmu.edu/data/Library2/TYB/TYB_1942_0001/pdf/TYB_1942_0001.pdf,Carnegie-Mellon University,English,no copyright - other known legal restrictions,http://doi.library.cmu.edu/10.1184/pmc/TYB/TYB_1942_0001/TYB_1942_0001,TYB_1942_0001.pdf,paged_content
The Thistle 1943,College Yearbooks,Carnegie Institute of Technology,1943-01-01T00:00:00,2018-02-23T00:00:00,228 pages,https://digitalcollections.library.cmu.edu/data/Library2/TYB/TYB_1943_0001/pdf/TYB_1943_0001.pdf,Carnegie-Mellon University,English,no copyright - other known legal restrictions,http://doi.library.cmu.edu/10.1184/pmc/TYB/TYB_1943_0001/TYB_1943_0001,TYB_1943_0001.pdf,paged_content
The Thistle 1944,College Yearbooks,Carnegie Institute of Technology,1944-01-01T00:00:00,2018-02-23T00:00:00,180 pages,https://digitalcollections.library.cmu.edu/data/Library2/TYB_1944_0001/pdf/TYB_1944_0001.pdf,Carnegie-Mellon University,English,no copyright - other known legal restrictions,http://doi.library.cmu.edu/10.1184/pmc/TYB_1944_0001/TYB_1944_0001,TYB_1944_0001.pdf,paged_content
The Thistle 1945,College Yearbooks,Carnegie Institute of Technology,1945-01-01T00:00:00,2018-02-23T00:00:00,168 pages,https://digitalcollections.library.cmu.edu/data/Library2/TYB/TYB_1945_0001/pdf/TYB_1945_0001.pdf,Carnegie-Mellon University,English,no copyright - other known legal restrictions,http://doi.library.cmu.edu/10.1184/pmc/TYB/TYB_1945_0001/TYB_1945_0001,TYB_1945_0001.pdf,paged_content
The Thistle 1946,College Yearbooks,Carnegie Institute of Technology,1946-01-01T00:00:00,2018-02-23T00:00:00,216 pages,https://digitalcollections.library.cmu.edu/data/Library2/TYB/TYB_1946_0001/pdf/TYB_1946_0001.pdf,Carnegie-Mellon University,English,no copyright - other known legal restrictions,http://doi.library.cmu.edu/10.1184/pmc/TYB/TYB_1946_0001/TYB_1946_0001,TYB_1946_0001.pdf,paged_content
The Thistle 1947,College Yearbooks,Carnegie Institute of Technology,1947-01-01T00:00:00,2018-02-23T00:00:00,238 pages,https://digitalcollections.library.cmu.edu/data/Library2/TYB/TYB_1947_0001/pdf/TYB_1947_0001.pdf,Carnegie-Mellon University,English,no copyright - other known legal restrictions,http://doi.library.cmu.edu/10.1184/pmc/TYB/TYB_1947_0001/TYB_1947_0001,TYB_1947_0001.pdf,paged_content
The Thistle 1948,College Yearbooks,Carnegie Institute of Technology,1948-01-01T00:00:00,2018-02-23T00:00:00,236 pages,https://digitalcollections.library.cmu.edu/data/Library2/TYB/TYB_1948_0001/pdf/TYB_1948_0001.pdf,Carnegie-Mellon University,English,no copyright - other known legal restrictions,http://doi.library.cmu.edu/10.1184/pmc/TYB/TYB_1948_0001/TYB_1948_0001,TYB_1948_0001.pdf,paged_content
The Thistle 1949,College Yearbooks,Carnegie Institute of Technology,1949-01-01T00:00:00,2018-02-23T00:00:00,264 pages,https://digitalcollections.library.cmu.edu/data/Library2/TYB/TYB_1949_0001/pdf/TYB_1949_0001.pdf,Carnegie-Mellon University,English,no copyright - other known legal restrictions,http://doi.library.cmu.edu/10.1184/pmc/TYB/TYB_1949_0001/TYB_1949_0001,TYB_1949_0001.pdf,paged_content
The Thistle 1950,College Yearbooks,Carnegie Institute of Technology,1950-01-01T00:00:00,2017-12-15T00:00:00,248 pages,https://digitalcollections.library.cmu.edu/data/Library2/TYB/TYB_1950_0001/pdf/TYB_1950_0001.pdf,Carnegie-Mellon University,English,no copyright - other known legal restrictions,http://doi.library.cmu.edu/10.1184/pmc/TYB/TYB_1950_0001/TYB_1950_0001,TYB_1950_0001.pdf,paged_content
The Thistle 1951,College Yearbooks,Carnegie Institute of Technology,1951-01-01T00:00:00,2017-12-15T00:00:00,268 pages,https://digitalcollections.library.cmu.edu/data/Library2/TYB/TYB_1951_0001/pdf/TYB_1951_0001.pdf,Carnegie-Mellon University,English,no copyright - other known legal restrictions,http://doi.library.cmu.edu/10.1184/pmc/TYB/TYB_1951_0001/TYB_1951_0001,TYB_1951_0001.pdf,paged_content
The Thistle 1952,College Yearbooks,Carnegie Institute of Technology,1952-01-01T00:00:00,2018-02-23T00:00:00,276 pages,https://digitalcollections.library.cmu.edu/data/Library2/TYB/TYB_1952_0001/pdf/TYB_1952_0001.pdf,Carnegie-Mellon University,English,no copyright - other known legal restrictions,http://doi.library.cmu.edu/10.1184/pmc/TYB/TYB_1952_0001/TYB_1952_0001,TYB_1952_0001.pdf,paged_content
The Thistle 1953,College Yearbooks,Carnegie Institute of Technology,1953-01-01T00:00:00,2018-02-23T00:00:00,320 pages,https://digitalcollections.library.cmu.edu/data/Library2/TYB/TYB_1953_0001/pdf/TYB_1953_0001.pdf,Carnegie-Mellon University,English,no copyright - other known legal restrictions,http://doi.library.cmu.edu/10.1184/pmc/TYB/TYB_1953_0001/TYB_1953_0001,TYB_1953_0001.pdf,paged_content
The Thistle 1954,College Yearbooks,Carnegie Institute of Technology,1954-01-01T00:00:00,2018-02-23T00:00:00,338 pages,https://digitalcollections.library.cmu.edu/data/Library2/TYB/TYB_1954_0001/pdf/TYB_1954_0001.pdf,Carnegie-Mellon University,English,no copyright - other known legal restrictions,http://doi.library.cmu.edu/10.1184/pmc/TYB/TYB_1954_0001/TYB_1954_0001,TYB_1954_0001.pdf,paged_content
The Thistle 1955,College Yearbooks,Carnegie Institute of Technology,1955-01-01T00:00:00,2017-12-15T00:00:00,304 pages,https://digitalcollections.library.cmu.edu/data/Library2/TYB/TYB_1955_0001/pdf/TYB_1955_0001.pdf,Carnegie-Mellon University,English,no copyright - other known legal restrictions,http://doi.library.cmu.edu/10.1184/pmc/TYB/TYB_1955_0001/TYB_1955_0001,TYB_1955_0001.pdf,paged_content
The Thistle 1956,College Yearbooks,Carnegie Institute of Technology,1956-01-01T00:00:00,2018-02-23T00:00:00,304 pages,https://digitalcollections.library.cmu.edu/data/Library2/TYB/TYB_1956_0001/pdf/TYB_1956_0001.pdf,Carnegie-Mellon University,English,no copyright - other known legal restrictions,http://doi.library.cmu.edu/10.1184/pmc/TYB/TYB_1956_0001/TYB_1956_0001,TYB_1956_0001.pdf,paged_content
The Thistle 1957,College Yearbooks,Carnegie Institute of Technology,1957-01-01T00:00:00,2018-02-23T00:00:00,300 pages,https://digitalcollections.library.cmu.edu/data/Library2/TYB/TYB_1957_0001/pdf/TYB_1957_0001.pdf,Carnegie-Mellon University,English,no copyright - other known legal restrictions,http://doi.library.cmu.edu/10.1184/pmc/TYB/TYB_1957_0001/TYB_1957_0001,TYB_1957_0001.pdf,paged_content
The Thistle 1958,College Yearbooks,Carnegie Institute of Technology,1958-01-01T00:00:00,2018-02-23T00:00:00,298 pages,https://digitalcollections.library.cmu.edu/data/Library2/TYB/TYB_1958_0001/pdf/TYB_1958_0001.pdf,Carnegie-Mellon University,English,no copyright - other known legal restrictions,http://doi.library.cmu.edu/10.1184/pmc/TYB/TYB_1958_0001/TYB_1958_0001,TYB_1958_0001.pdf,paged_content
The Thistle 1959,College Yearbooks,Carnegie Institute of Technology,1959-01-01T00:00:00,2018-02-23T00:00:00,288 pages,https://digitalcollections.library.cmu.edu/data/Library2/TYB/TYB_1959_0001/pdf/TYB_1959_0001.pdf,Carnegie-Mellon University,English,no copyright - other known legal restrictions,http://doi.library.cmu.edu/10.1184/pmc/TYB/TYB_1959_0001/TYB_1959_0001,TYB_1959_0001.pdf,paged_content
The Thistle 1960,College Yearbooks,Carnegie Institute of Technology,1960-01-01T00:00:00,2018-02-23T00:00:00,272 pages,https://digitalcollections.library.cmu.edu/data/Library2/TYB/TYB_1960_0001/pdf/TYB_1960_0001.pdf,Carnegie-Mellon University,English,no copyright - other known legal restrictions,http://doi.library.cmu.edu/10.1184/pmc/TYB/TYB_1960_0001/TYB_1960_0001,TYB_1960_0001.pdf,paged_content
The Thistle 1961,College Yearbooks,Carnegie Institute of Technology,1961-01-01T00:00:00,2018-02-23T00:00:00,280 pages,https://digitalcollections.library.cmu.edu/data/Library2/TYB/TYB_1961_0001/pdf/TYB_1961_0001.pdf,Carnegie-Mellon University,English,no copyright - other known legal restrictions,http://doi.library.cmu.edu/10.1184/pmc/TYB/TYB_1961_0001/TYB_1961_0001,TYB_1961_0001.pdf,paged_content
The Thistle 1962,College Yearbooks,Carnegie Institute of Technology,1962-01-01T00:00:00,2018-02-23T00:00:00,292 pages,https://digitalcollections.library.cmu.edu/data/Library2/TYB/TYB_1962_0001/pdf/TYB_1962_0001.pdf,Carnegie-Mellon University,English,no copyright - other known legal restrictions,http://doi.library.cmu.edu/10.1184/pmc/TYB/TYB_1962_0001/TYB_1962_0001,TYB_1962_0001.pdf,paged_content
The Thistle 1963,College Yearbooks,Carnegie Institute of Technology,1963-01-01T00:00:00,2018-02-23T00:00:00,290 pages,https://digitalcollections.library.cmu.edu/data/Library2/TYB/TYB_1963_0001/pdf/TYB_1963_0001.pdf,Carnegie-Mellon University,English,no copyright - other known legal restrictions,http://doi.library.cmu.edu/10.1184/pmc/TYB/TYB_1963_0001/TYB_1963_0001,TYB_1963_0001.pdf,paged_content
The Thistle 1964,College Yearbooks,Carnegie Institute of Technology,1964-01-01T00:00:00,2018-02-23T00:00:00,294 pages,https://digitalcollections.library.cmu.edu/data/Library2/TYB/TYB_1964_0001/pdf/TYB_1964_0001.pdf,Carnegie-Mellon University,English,no copyright - other known legal restrictions,http://doi.library.cmu.edu/10.1184/pmc/TYB/TYB_1964_0001/TYB_1964_0001,TYB_1964_0001.pdf,paged_content
The Thistle 1965,College Yearbooks,Carnegie Institute of Technology,1965-01-01T00:00:00,2018-02-23T00:00:00,246 pages,https://digitalcollections.library.cmu.edu/data/Library2/TYB/TYB_1965_0001/pdf/TYB_1965_0001.pdf,Carnegie-Mellon University,English,no copyright - other known legal restrictions,http://doi.library.cmu.edu/10.1184/pmc/TYB/TYB_1965_0001/TYB_1965_0001,TYB_1965_0001.pdf,paged_content
The Thistle 1966,College Yearbooks,Carnegie Institute of Technology,1966-01-01T00:00:00,2018-02-23T00:00:00,236 pages,https://digitalcollections.library.cmu.edu/data/Library2/TYB/TYB_1966_0001/pdf/TYB_1966_0001.pdf,Carnegie-Mellon University,English,no copyright - other known legal restrictions,http://doi.library.cmu.edu/10.1184/pmc/TYB/TYB_1966_0001/TYB_1966_0001,TYB_1966_0001.pdf,paged_content
The Thistle 1967,College Yearbooks,Carnegie Institute of Technology,1967-01-01T00:00:00,2018-02-23T00:00:00,280 pages,https://digitalcollections.library.cmu.edu/data/Library2/TYB/TYB_1967_0001/pdf/TYB_1967_0001.pdf,Carnegie-Mellon University,English,no copyright - other known legal restrictions,http://doi.library.cmu.edu/10.1184/pmc/TYB/TYB_1967_0001/TYB_1967_0001,TYB_1967_0001.pdf,paged_content
The Thistle 1968,College Yearbooks,Carnegie-Mellon University,1968-01-01T00:00:00,2018-02-23T00:00:00,296 pages,https://digitalcollections.library.cmu.edu/data/Library2/TYB/TYB_1968_0001/pdf/TYB_1968_0001.pdf,Carnegie-Mellon University,English,no copyright - other known legal restrictions,http://doi.library.cmu.edu/10.1184/pmc/TYB/TYB_1968_0001/TYB_1968_0001,TYB_1968_0001.pdf,paged_content
The Thistle 1969,College Yearbooks,Carnegie-Mellon University,1969-01-01T00:00:00,2018-02-23T00:00:00,264 pages,https://digitalcollections.library.cmu.edu/data/Library2/TYB/TYB_1969_0001/pdf/TYB_1969_0001.pdf,Carnegie-Mellon University,English,no copyright - other known legal restrictions,http://doi.library.cmu.edu/10.1184/pmc/TYB/TYB_1969_0001/TYB_1969_0001,TYB_1969_0001.pdf,paged_content
The Thistle 1971,College Yearbooks,Carnegie-Mellon University,1971-01-01T00:00:00,2018-02-23T00:00:00,196 pages,https://digitalcollections.library.cmu.edu/data/Library2/TYB/TYB_1971_0001/pdf/TYB_1971_0001.pdf,Carnegie-Mellon University,English,no copyright - other known legal restrictions,http://doi.library.cmu.edu/10.1184/pmc/TYB/TYB_1971_0001/TYB_1971_0001,TYB_1971_0001.pdf,paged_content
The Thistle 1971,College Yearbooks,Carnegie-Mellon University,1971-01-01T00:00:00,2018-02-23T00:00:00,36 pages,https://digitalcollections.library.cmu.edu/data/Library2/TYB/TYB_1971_0002/pdf/TYB_1971_0002.pdf,Carnegie-Mellon University,English,no copyright - other known legal restrictions,http://doi.library.cmu.edu/10.1184/pmc/TYB/TYB_1971_0002/TYB_1971_0002,TYB_1971_0002.pdf,paged_content
The Thistle 1974,College Yearbooks,Carnegie-Mellon University,1974-01-01T00:00:00,2018-02-23T00:00:00,248 pages,https://digitalcollections.library.cmu.edu/data/Library2/TYB/TYB_1974_0001/pdf/TYB_1974_0001.pdf,Carnegie-Mellon University,English,no copyright - other known legal restrictions,http://doi.library.cmu.edu/10.1184/pmc/TYB/TYB_1974_0001/TYB_1974_0001,TYB_1974_0001.pdf,paged_content
The Thistle 1975,College Yearbooks,Carnegie-Mellon University,1975-01-01T00:00:00,2018-02-23T00:00:00,160 pages,https://digitalcollections.library.cmu.edu/data/Library2/TYB/TYB_1975_0001/pdf/TYB_1975_0001.pdf,Carnegie-Mellon University,English,no copyright - other known legal restrictions,http://doi.library.cmu.edu/10.1184/pmc/TYB/TYB_1975_0001/TYB_1975_0001,TYB_1975_0001.pdf,paged_content
The Thistle 1976,College Yearbooks,Carnegie-Mellon University,1976-01-01T00:00:00,2018-02-23T00:00:00,166 pages,https://digitalcollections.library.cmu.edu/data/Library2/TYB/TYB_1976_0001/pdf/TYB_1976_0001.pdf,Carnegie-Mellon University,English,no copyright - other known legal restrictions,http://doi.library.cmu.edu/10.1184/pmc/TYB/TYB_1976_0001/TYB_1976_0001,TYB_1976_0001.pdf,paged_content
The Thistle 1977,College Yearbooks,Carnegie-Mellon University,1977-01-01T00:00:00,2018-02-23T00:00:00,160 pages,https://digitalcollections.library.cmu.edu/data/Library2/TYB/TYB_1977_0001/pdf/TYB_1977_0001.pdf,Carnegie-Mellon University,English,no copyright - other known legal restrictions,http://doi.library.cmu.edu/10.1184/pmc/TYB/TYB_1977_0001/TYB_1977_0001,TYB_1977_0001.pdf,paged_content
The Thistle 1978,College Yearbooks,Carnegie-Mellon University,1978-01-01T00:00:00,2018-02-23T00:00:00,160 pages,https://digitalcollections.library.cmu.edu/data/Library2/TYB/TYB_1978_0001/pdf/TYB_1978_0001.pdf,Carnegie-Mellon University,English,no copyright - other known legal restrictions,http://doi.library.cmu.edu/10.1184/pmc/TYB/TYB_1978_0001/TYB_1978_0001,TYB_1978_0001.pdf,paged_content
The Thistle 1979,College Yearbooks,Carnegie-Mellon University,1979-01-01T00:00:00,2018-02-23T00:00:00,208 pages,https://digitalcollections.library.cmu.edu/data/Library2/TYB/TYB_1979_0001/pdf/TYB_1979_0001.pdf,Carnegie-Mellon University,English,no copyright - other known legal restrictions,http://doi.library.cmu.edu/10.1184/pmc/TYB/TYB_1979_0001/TYB_1979_0001,TYB_1979_0001.pdf,paged_content
The Thistle 1980,College Yearbooks,Carnegie-Mellon University,1980-01-01T00:00:00,2018-02-23T00:00:00,288 pages,https://digitalcollections.library.cmu.edu/data/Library2/TYB/TYB_1980_0001/pdf/TYB_1980_0001.pdf,Carnegie-Mellon University,English,no copyright - other known legal restrictions,http://doi.library.cmu.edu/10.1184/pmc/TYB/TYB_1980_0001/TYB_1980_0001,TYB_1980_0001.pdf,paged_content
The Thistle 1981,College Yearbooks,Carnegie-Mellon University,1981-01-01T00:00:00,2018-02-23T00:00:00,326 pages,https://digitalcollections.library.cmu.edu/data/Library2/TYB/TYB_1981_0001/pdf/TYB_1981_0001.pdf,Carnegie-Mellon University,English,no copyright - other known legal restrictions,http://doi.library.cmu.edu/10.1184/pmc/TYB/TYB_1981_0001/TYB_1981_0001,TYB_1981_0001.pdf,paged_content
The Thistle 1982,College Yearbooks,Carnegie-Mellon University,1982-01-01T00:00:00,2018-02-23T00:00:00,328 pages,https://digitalcollections.library.cmu.edu/data/Library2/TYB/TYB_1982_0001/pdf/TYB_1982_0001.pdf,Carnegie-Mellon University,English,no copyright - other known legal restrictions,http://doi.library.cmu.edu/10.1184/pmc/TYB/TYB_1982_0001/TYB_1982_0001,TYB_1982_0001.pdf,paged_content
The Thistle 1983,College Yearbooks,Carnegie-Mellon University,1983-01-01T00:00:00,2018-02-23T00:00:00,248 pages,https://digitalcollections.library.cmu.edu/data/Library2/TYB/TYB_1983_0001/pdf/TYB_1983_0001.pdf,Carnegie-Mellon University,English,no copyright - other known legal restrictions,http://doi.library.cmu.edu/10.1184/pmc/TYB/TYB_1983_0001/TYB_1983_0001,TYB_1983_0001.pdf,paged_content
The Thistle 1984,College Yearbooks,Carnegie-Mellon University,1984-01-01T00:00:00,2018-02-23T00:00:00,298 pages,https://digitalcollections.library.cmu.edu/data/Library2/TYB/TYB_1984_0001/pdf/TYB_1984_0001.pdf,Carnegie-Mellon University,English,no copyright - other known legal restrictions,http://doi.library.cmu.edu/10.1184/pmc/TYB/TYB_1984_0001/TYB_1984_0001,TYB_1984_0001.pdf,paged_content
The Thistle 1985,College Yearbooks,Carnegie-Mellon University,1985-01-01T00:00:00,2018-02-23T00:00:00,330 pages,https://digitalcollections.library.cmu.edu/data/Library2/TYB/TYB_1985_0001/pdf/TYB_1985_0001.pdf,Carnegie-Mellon University,English,no copyright - other known legal restrictions,http://doi.library.cmu.edu/10.1184/pmc/TYB/TYB_1985_0001/TYB_1985_0001,TYB_1985_0001.pdf,paged_content
The Thistle 1986,College Yearbooks,Carnegie-Mellon University,1986-01-01T00:00:00,2018-02-23T00:00:00,324 pages,https://digitalcollections.library.cmu.edu/data/Library2/TYB/TYB_1986_0001/pdf/TYB_1986_0001.pdf,Carnegie-Mellon University,English,no copyright - other known legal restrictions,http://doi.library.cmu.edu/10.1184/pmc/TYB/TYB_1986_0001/TYB_1986_0001,TYB_1986_0001.pdf,paged_content
The Thistle 1987,College Yearbooks,Carnegie-Mellon University,1987-01-01T00:00:00,2018-02-23T00:00:00,296 pages,https://digitalcollections.library.cmu.edu/data/Library2/TYB/TYB_1987_0001/pdf/TYB_1987_0001.pdf,Carnegie-Mellon University,English,no copyright - other known legal restrictions,http://doi.library.cmu.edu/10.1184/pmc/TYB/TYB_1987_0001/TYB_1987_0001,TYB_1987_0001.pdf,paged_content
The Thistle 1988,College Yearbooks,Carnegie-Mellon University,1988-01-01T00:00:00,2018-02-23T00:00:00,304 pages,https://digitalcollections.library.cmu.edu/data/Library2/TYB/TYB_1988_0001/pdf/TYB_1988_0001.pdf,Carnegie-Mellon University,English,no copyright - other known legal restrictions,http://doi.library.cmu.edu/10.1184/pmc/TYB/TYB_1988_0001/TYB_1988_0001,TYB_1988_0001.pdf,paged_content
The Thistle 1989,College Yearbooks,Carnegie-Mellon University,1989-01-01T00:00:00,2018-02-23T00:00:00,328 pages,https://digitalcollections.library.cmu.edu/data/Library2/TYB/TYB_1989_0001/pdf/TYB_1989_0001.pdf,Carnegie-Mellon University,English,no copyright - other known legal restrictions,http://doi.library.cmu.edu/10.1184/pmc/TYB/TYB_1989_0001/TYB_1989_0001,TYB_1989_0001.pdf,paged_content
The Thistle 1990,College Yearbooks,Carnegie-Mellon University,1990-01-01T00:00:00,2018-02-23T00:00:00,296 pages,https://digitalcollections.library.cmu.edu/data/Library2/TYB/TYB_1990_0001/pdf/TYB_1990_0001.pdf,Carnegie-Mellon University,English,no copyright - other known legal restrictions,http://doi.library.cmu.edu/10.1184/pmc/TYB/TYB_1990_0001/TYB_1990_0001,TYB_1990_0001.pdf,paged_content
The Thistle 1991,College Yearbooks,Carnegie-Mellon University,1991-01-01T00:00:00,2017-12-15T00:00:00,292 pages,https://digitalcollections.library.cmu.edu/data/Library2/TYB/TYB_1991_0001/pdf/TYB_1991_0001.pdf,Carnegie-Mellon University,English,no copyright - other known legal restrictions,http://doi.library.cmu.edu/10.1184/pmc/TYB/TYB_1991_0001/TYB_1991_0001,TYB_1991_0001.pdf,paged_content
The Thistle 1992,College Yearbooks,Carnegie-Mellon University,1992-01-01T00:00:00,2018-02-23T00:00:00,264 pages,https://digitalcollections.library.cmu.edu/data/Library2/TYB/TYB_1992_0001/pdf/TYB_1992_0001.pdf,Carnegie-Mellon University,English,no copyright - other known legal restrictions,http://doi.library.cmu.edu/10.1184/pmc/TYB/TYB_1992_0001/TYB_1992_0001,TYB_1992_0001.pdf,paged_content
The Thistle 1993,College Yearbooks,Carnegie-Mellon University,1993-01-01T00:00:00,2018-02-23T00:00:00,296 pages,https://digitalcollections.library.cmu.edu/data/Library2/TYB/TYB_1993_0001/pdf/TYB_1993_0001.pdf,Carnegie-Mellon University,English,no copyright - other known legal restrictions,http://doi.library.cmu.edu/10.1184/pmc/TYB/TYB_1993_0001/TYB_1993_0001,TYB_1993_0001.pdf,paged_content
The Thistle 1994,College Yearbooks,Carnegie-Mellon University,1994-01-01T00:00:00,2018-02-23T00:00:00,232 pages,https://digitalcollections.library.cmu.edu/data/Library2/TYB/TYB_1994_0001/pdf/TYB_1994_0001.pdf,Carnegie-Mellon University,English,no copyright - other known legal restrictions,http://doi.library.cmu.edu/10.1184/pmc/TYB/TYB_1994_0001/TYB_1994_0001,TYB_1994_0001.pdf,paged_content
The Thistle 1996,College Yearbooks,Carnegie-Mellon University,1996-01-01T00:00:00,2018-02-23T00:00:00,230 pages,https://digitalcollections.library.cmu.edu/data/Library2/TYB/TYB_1996_0001/pdf/TYB_1996_0001.pdf,Carnegie-Mellon University,English,no copyright - other known legal restrictions,http://doi.library.cmu.edu/10.1184/pmc/TYB/TYB_1996_0001/TYB_1996_0001,TYB_1996_0001.pdf,paged_content
The Thistle 1997,College Yearbooks,Carnegie-Mellon University,1997-01-01T00:00:00,2018-02-23T00:00:00,248 pages,https://digitalcollections.library.cmu.edu/data/Library2/TYB/TYB_1997_0001/pdf/TYB_1997_0001.pdf,Carnegie-Mellon University,English,no copyright - other known legal restrictions,http://doi.library.cmu.edu/10.1184/pmc/TYB/TYB_1997_0001/TYB_1997_0001,TYB_1997_0001.pdf,paged_content
The Thistle 1998,College Yearbooks,Carnegie-Mellon University,1998-01-01T00:00:00,2018-02-23T00:00:00,248 pages,https://digitalcollections.library.cmu.edu/data/Library2/TYB/TYB_1998_0001/pdf/TYB_1998_0001.pdf,Carnegie-Mellon University,English,no copyright - other known legal restrictions,http://doi.library.cmu.edu/10.1184/pmc/TYB/TYB_1998_0001/TYB_1998_0001,TYB_1998_0001.pdf,paged_content
The Thistle 2000,College Yearbooks,Carnegie-Mellon University,2000-01-01T00:00:00,2018-02-23T00:00:00,279 pages,https://digitalcollections.library.cmu.edu/data/Library2/TYB/TYB_2000_0001/pdf/TYB_2000_0001.pdf,Carnegie-Mellon University,English,no copyright - other known legal restrictions,http://doi.library.cmu.edu/10.1184/pmc/TYB/TYB_2000_0001/TYB_2000_0001,TYB_2000_0001.pdf,paged_content