title|subtitle|description|parent|issued|weight|file
Thistle 1906 page 1|||1906_thistle|1906-01-01T00:00:00|1|1906/thistle_1906_page_1.jpg
Thistle 1906 page 2|||1906_thistle|1906-01-01T00:00:00|2|1906/thistle_1906_page_2.jpg
Thistle 1906 page 3|||1906_thistle|1906-01-01T00:00:00|3|1906/thistle_1906_page_3.jpg
Thistle 1906 page 4|||1906_thistle|1906-01-01T00:00:00|4|1906/thistle_1906_page_4.jpg
Thistle 1906 page 5|||1906_thistle|1906-01-01T00:00:00|5|1906/thistle_1906_page_5.jpg
Thistle 1906 page 6|||1906_thistle|1906-01-01T00:00:00|6|1906/thistle_1906_page_6.jpg
Thistle 1906 page 7|||1906_thistle|1906-01-01T00:00:00|7|1906/thistle_1906_page_7.jpg
Thistle 1906 page 8|||1906_thistle|1906-01-01T00:00:00|8|1906/thistle_1906_page_8.jpg
Thistle 1906 page 9|||1906_thistle|1906-01-01T00:00:00|9|1906/thistle_1906_page_9.jpg
Thistle 1906 page 10|||1906_thistle|1906-01-01T00:00:00|10|1906/thistle_1906_page_10.jpg
Thistle 1906 page 11|||1906_thistle|1906-01-01T00:00:00|11|1906/thistle_1906_page_11.jpg
Thistle 1906 page 12|||1906_thistle|1906-01-01T00:00:00|12|1906/thistle_1906_page_12.jpg
Thistle 1906 page 13|||1906_thistle|1906-01-01T00:00:00|13|1906/thistle_1906_page_13.jpg
Thistle 1906 page 14|||1906_thistle|1906-01-01T00:00:00|14|1906/thistle_1906_page_14.jpg
Thistle 1906 page 15|||1906_thistle|1906-01-01T00:00:00|15|1906/thistle_1906_page_15.jpg
Thistle 1906 page 16|||1906_thistle|1906-01-01T00:00:00|16|1906/thistle_1906_page_16.jpg
Thistle 1906 page 17|||1906_thistle|1906-01-01T00:00:00|17|1906/thistle_1906_page_17.jpg
Thistle 1906 page 18|||1906_thistle|1906-01-01T00:00:00|18|1906/thistle_1906_page_18.jpg
Thistle 1906 page 19|||1906_thistle|1906-01-01T00:00:00|19|1906/thistle_1906_page_19.jpg
Thistle 1906 page 20|||1906_thistle|1906-01-01T00:00:00|20|1906/thistle_1906_page_20.jpg
Thistle 1906 page 21|||1906_thistle|1906-01-01T00:00:00|21|1906/thistle_1906_page_21.jpg
Thistle 1906 page 22|||1906_thistle|1906-01-01T00:00:00|22|1906/thistle_1906_page_22.jpg
Thistle 1906 page 23|||1906_thistle|1906-01-01T00:00:00|23|1906/thistle_1906_page_23.jpg
Thistle 1906 page 24|||1906_thistle|1906-01-01T00:00:00|24|1906/thistle_1906_page_24.jpg
Thistle 1906 page 25|||1906_thistle|1906-01-01T00:00:00|25|1906/thistle_1906_page_25.jpg
Thistle 1906 page 26|||1906_thistle|1906-01-01T00:00:00|26|1906/thistle_1906_page_26.jpg
Thistle 1906 page 27|||1906_thistle|1906-01-01T00:00:00|27|1906/thistle_1906_page_27.jpg
Thistle 1906 page 28|||1906_thistle|1906-01-01T00:00:00|28|1906/thistle_1906_page_28.jpg
Thistle 1906 page 29|||1906_thistle|1906-01-01T00:00:00|29|1906/thistle_1906_page_29.jpg
Thistle 1906 page 30|||1906_thistle|1906-01-01T00:00:00|30|1906/thistle_1906_page_30.jpg
Thistle 1906 page 31|||1906_thistle|1906-01-01T00:00:00|31|1906/thistle_1906_page_31.jpg
Thistle 1906 page 32|||1906_thistle|1906-01-01T00:00:00|32|1906/thistle_1906_page_32.jpg
Thistle 1906 page 33|||1906_thistle|1906-01-01T00:00:00|33|1906/thistle_1906_page_33.jpg
Thistle 1906 page 34|||1906_thistle|1906-01-01T00:00:00|34|1906/thistle_1906_page_34.jpg
Thistle 1906 page 35|||1906_thistle|1906-01-01T00:00:00|35|1906/thistle_1906_page_35.jpg
Thistle 1906 page 36|||1906_thistle|1906-01-01T00:00:00|36|1906/thistle_1906_page_36.jpg
Thistle 1906 page 37|||1906_thistle|1906-01-01T00:00:00|37|1906/thistle_1906_page_37.jpg
Thistle 1906 page 38|||1906_thistle|1906-01-01T00:00:00|38|1906/thistle_1906_page_38.jpg
Thistle 1906 page 39|||1906_thistle|1906-01-01T00:00:00|39|1906/thistle_1906_page_39.jpg
Thistle 1906 page 40|||1906_thistle|1906-01-01T00:00:00|40|1906/thistle_1906_page_40.jpg
Thistle 1906 page 41|||1906_thistle|1906-01-01T00:00:00|41|1906/thistle_1906_page_41.jpg
Thistle 1906 page 42|||1906_thistle|1906-01-01T00:00:00|42|1906/thistle_1906_page_42.jpg
Thistle 1906 page 43|||1906_thistle|1906-01-01T00:00:00|43|1906/thistle_1906_page_43.jpg
Thistle 1906 page 44|||1906_thistle|1906-01-01T00:00:00|44|1906/thistle_1906_page_44.jpg
Thistle 1906 page 45|||1906_thistle|1906-01-01T00:00:00|45|1906/thistle_1906_page_45.jpg
Thistle 1906 page 46|||1906_thistle|1906-01-01T00:00:00|46|1906/thistle_1906_page_46.jpg
Thistle 1906 page 47|||1906_thistle|1906-01-01T00:00:00|47|1906/thistle_1906_page_47.jpg
Thistle 1906 page 48|||1906_thistle|1906-01-01T00:00:00|48|1906/thistle_1906_page_48.jpg
Thistle 1906 page 49|||1906_thistle|1906-01-01T00:00:00|49|1906/thistle_1906_page_49.jpg
Thistle 1906 page 50|||1906_thistle|1906-01-01T00:00:00|50|1906/thistle_1906_page_50.jpg
Thistle 1906 page 51|||1906_thistle|1906-01-01T00:00:00|51|1906/thistle_1906_page_51.jpg
Thistle 1906 page 52|||1906_thistle|1906-01-01T00:00:00|52|1906/thistle_1906_page_52.jpg
Thistle 1906 page 53|||1906_thistle|1906-01-01T00:00:00|53|1906/thistle_1906_page_53.jpg
Thistle 1906 page 54|||1906_thistle|1906-01-01T00:00:00|54|1906/thistle_1906_page_54.jpg
Thistle 1906 page 55|||1906_thistle|1906-01-01T00:00:00|55|1906/thistle_1906_page_55.jpg
Thistle 1906 page 56|||1906_thistle|1906-01-01T00:00:00|56|1906/thistle_1906_page_56.jpg
Thistle 1906 page 57|||1906_thistle|1906-01-01T00:00:00|57|1906/thistle_1906_page_57.jpg
Thistle 1906 page 58|||1906_thistle|1906-01-01T00:00:00|58|1906/thistle_1906_page_58.jpg
Thistle 1906 page 59|||1906_thistle|1906-01-01T00:00:00|59|1906/thistle_1906_page_59.jpg
Thistle 1906 page 60|||1906_thistle|1906-01-01T00:00:00|60|1906/thistle_1906_page_60.jpg
Thistle 1906 page 61|||1906_thistle|1906-01-01T00:00:00|61|1906/thistle_1906_page_61.jpg
Thistle 1906 page 62|||1906_thistle|1906-01-01T00:00:00|62|1906/thistle_1906_page_62.jpg
Thistle 1906 page 63|||1906_thistle|1906-01-01T00:00:00|63|1906/thistle_1906_page_63.jpg
Thistle 1906 page 64|||1906_thistle|1906-01-01T00:00:00|64|1906/thistle_1906_page_64.jpg
Thistle 1906 page 65|||1906_thistle|1906-01-01T00:00:00|65|1906/thistle_1906_page_65.jpg
Thistle 1906 page 66|||1906_thistle|1906-01-01T00:00:00|66|1906/thistle_1906_page_66.jpg
Thistle 1906 page 67|||1906_thistle|1906-01-01T00:00:00|67|1906/thistle_1906_page_67.jpg
Thistle 1906 page 68|||1906_thistle|1906-01-01T00:00:00|68|1906/thistle_1906_page_68.jpg
Thistle 1906 page 69|||1906_thistle|1906-01-01T00:00:00|69|1906/thistle_1906_page_69.jpg
Thistle 1906 page 70|||1906_thistle|1906-01-01T00:00:00|70|1906/thistle_1906_page_70.jpg
Thistle 1906 page 71|||1906_thistle|1906-01-01T00:00:00|71|1906/thistle_1906_page_71.jpg
Thistle 1906 page 72|||1906_thistle|1906-01-01T00:00:00|72|1906/thistle_1906_page_72.jpg
Thistle 1906 page 73|||1906_thistle|1906-01-01T00:00:00|73|1906/thistle_1906_page_73.jpg
Thistle 1906 page 74|||1906_thistle|1906-01-01T00:00:00|74|1906/thistle_1906_page_74.jpg
Thistle 1906 page 75|||1906_thistle|1906-01-01T00:00:00|75|1906/thistle_1906_page_75.jpg
Thistle 1906 page 76|||1906_thistle|1906-01-01T00:00:00|76|1906/thistle_1906_page_76.jpg
Thistle 1906 page 77|||1906_thistle|1906-01-01T00:00:00|77|1906/thistle_1906_page_77.jpg
Thistle 1906 page 78|||1906_thistle|1906-01-01T00:00:00|78|1906/thistle_1906_page_78.jpg
Thistle 1906 page 79|||1906_thistle|1906-01-01T00:00:00|79|1906/thistle_1906_page_79.jpg
Thistle 1906 page 80|||1906_thistle|1906-01-01T00:00:00|80|1906/thistle_1906_page_80.jpg
Thistle 1906 page 81|||1906_thistle|1906-01-01T00:00:00|81|1906/thistle_1906_page_81.jpg
Thistle 1906 page 82|||1906_thistle|1906-01-01T00:00:00|82|1906/thistle_1906_page_82.jpg
Thistle 1906 page 83|||1906_thistle|1906-01-01T00:00:00|83|1906/thistle_1906_page_83.jpg
Thistle 1906 page 84|||1906_thistle|1906-01-01T00:00:00|84|1906/thistle_1906_page_84.jpg
Thistle 1906 page 85|||1906_thistle|1906-01-01T00:00:00|85|1906/thistle_1906_page_85.jpg
Thistle 1906 page 86|||1906_thistle|1906-01-01T00:00:00|86|1906/thistle_1906_page_86.jpg
Thistle 1906 page 87|||1906_thistle|1906-01-01T00:00:00|87|1906/thistle_1906_page_87.jpg
Thistle 1906 page 88|||1906_thistle|1906-01-01T00:00:00|88|1906/thistle_1906_page_88.jpg
Thistle 1906 page 89|||1906_thistle|1906-01-01T00:00:00|89|1906/thistle_1906_page_89.jpg
Thistle 1906 page 90|||1906_thistle|1906-01-01T00:00:00|90|1906/thistle_1906_page_90.jpg
Thistle 1906 page 91|||1906_thistle|1906-01-01T00:00:00|91|1906/thistle_1906_page_91.jpg
Thistle 1906 page 92|||1906_thistle|1906-01-01T00:00:00|92|1906/thistle_1906_page_92.jpg
Thistle 1906 page 93|||1906_thistle|1906-01-01T00:00:00|93|1906/thistle_1906_page_93.jpg
Thistle 1906 page 94|||1906_thistle|1906-01-01T00:00:00|94|1906/thistle_1906_page_94.jpg
Thistle 1906 page 95|||1906_thistle|1906-01-01T00:00:00|95|1906/thistle_1906_page_95.jpg
Thistle 1906 page 96|||1906_thistle|1906-01-01T00:00:00|96|1906/thistle_1906_page_96.jpg
Thistle 1906 page 97|||1906_thistle|1906-01-01T00:00:00|97|1906/thistle_1906_page_97.jpg
Thistle 1906 page 98|||1906_thistle|1906-01-01T00:00:00|98|1906/thistle_1906_page_98.jpg
Thistle 1906 page 99|||1906_thistle|1906-01-01T00:00:00|99|1906/thistle_1906_page_99.jpg
Thistle 1906 page 100|||1906_thistle|1906-01-01T00:00:00|100|1906/thistle_1906_page_100.jpg
Thistle 1906 page 101|||1906_thistle|1906-01-01T00:00:00|101|1906/thistle_1906_page_101.jpg
Thistle 1906 page 102|||1906_thistle|1906-01-01T00:00:00|102|1906/thistle_1906_page_102.jpg
Thistle 1906 page 103|||1906_thistle|1906-01-01T00:00:00|103|1906/thistle_1906_page_103.jpg
Thistle 1906 page 104|||1906_thistle|1906-01-01T00:00:00|104|1906/thistle_1906_page_104.jpg
Thistle 1906 page 105|||1906_thistle|1906-01-01T00:00:00|105|1906/thistle_1906_page_105.jpg
Thistle 1906 page 106|||1906_thistle|1906-01-01T00:00:00|106|1906/thistle_1906_page_106.jpg
Thistle 1906 page 107|||1906_thistle|1906-01-01T00:00:00|107|1906/thistle_1906_page_107.jpg
Thistle 1906 page 108|||1906_thistle|1906-01-01T00:00:00|108|1906/thistle_1906_page_108.jpg
Thistle 1906 page 109|||1906_thistle|1906-01-01T00:00:00|109|1906/thistle_1906_page_109.jpg
Thistle 1906 page 110|||1906_thistle|1906-01-01T00:00:00|110|1906/thistle_1906_page_110.jpg
Thistle 1906 page 111|||1906_thistle|1906-01-01T00:00:00|111|1906/thistle_1906_page_111.jpg
Thistle 1906 page 112|||1906_thistle|1906-01-01T00:00:00|112|1906/thistle_1906_page_112.jpg
Thistle 1906 page 113|||1906_thistle|1906-01-01T00:00:00|113|1906/thistle_1906_page_113.jpg
Thistle 1906 page 114|||1906_thistle|1906-01-01T00:00:00|114|1906/thistle_1906_page_114.jpg
Thistle 1906 page 115|||1906_thistle|1906-01-01T00:00:00|115|1906/thistle_1906_page_115.jpg
Thistle 1906 page 116|||1906_thistle|1906-01-01T00:00:00|116|1906/thistle_1906_page_116.jpg
Thistle 1906 page 117|||1906_thistle|1906-01-01T00:00:00|117|1906/thistle_1906_page_117.jpg
Thistle 1906 page 118|||1906_thistle|1906-01-01T00:00:00|118|1906/thistle_1906_page_118.jpg
Thistle 1906 page 119|||1906_thistle|1906-01-01T00:00:00|119|1906/thistle_1906_page_119.jpg
Thistle 1906 page 120|||1906_thistle|1906-01-01T00:00:00|120|1906/thistle_1906_page_120.jpg
Thistle 1906 page 121|||1906_thistle|1906-01-01T00:00:00|121|1906/thistle_1906_page_121.jpg
Thistle 1906 page 122|||1906_thistle|1906-01-01T00:00:00|122|1906/thistle_1906_page_122.jpg
Thistle 1906 page 123|||1906_thistle|1906-01-01T00:00:00|123|1906/thistle_1906_page_123.jpg
Thistle 1906 page 124|||1906_thistle|1906-01-01T00:00:00|124|1906/thistle_1906_page_124.jpg
Thistle 1906 page 125|||1906_thistle|1906-01-01T00:00:00|125|1906/thistle_1906_page_125.jpg
Thistle 1906 page 126|||1906_thistle|1906-01-01T00:00:00|126|1906/thistle_1906_page_126.jpg
Thistle 1906 page 127|||1906_thistle|1906-01-01T00:00:00|127|1906/thistle_1906_page_127.jpg
Thistle 1906 page 128|||1906_thistle|1906-01-01T00:00:00|128|1906/thistle_1906_page_128.jpg
Thistle 1906 page 129|||1906_thistle|1906-01-01T00:00:00|129|1906/thistle_1906_page_129.jpg
Thistle 1906 page 130|||1906_thistle|1906-01-01T00:00:00|130|1906/thistle_1906_page_130.jpg
Thistle 1906 page 131|||1906_thistle|1906-01-01T00:00:00|131|1906/thistle_1906_page_131.jpg
Thistle 1906 page 132|||1906_thistle|1906-01-01T00:00:00|132|1906/thistle_1906_page_132.jpg
Thistle 1906 page 133|||1906_thistle|1906-01-01T00:00:00|133|1906/thistle_1906_page_133.jpg
Thistle 1906 page 134|||1906_thistle|1906-01-01T00:00:00|134|1906/thistle_1906_page_134.jpg
Thistle 1906 page 135|||1906_thistle|1906-01-01T00:00:00|135|1906/thistle_1906_page_135.jpg
Thistle 1906 page 136|||1906_thistle|1906-01-01T00:00:00|136|1906/thistle_1906_page_136.jpg
Thistle 1906 page 137|||1906_thistle|1906-01-01T00:00:00|137|1906/thistle_1906_page_137.jpg
Thistle 1906 page 138|||1906_thistle|1906-01-01T00:00:00|138|1906/thistle_1906_page_138.jpg
Thistle 1906 page 139|||1906_thistle|1906-01-01T00:00:00|139|1906/thistle_1906_page_139.jpg
Thistle 1906 page 140|||1906_thistle|1906-01-01T00:00:00|140|1906/thistle_1906_page_140.jpg
Thistle 1906 page 141|||1906_thistle|1906-01-01T00:00:00|141|1906/thistle_1906_page_141.jpg
Thistle 1906 page 142|||1906_thistle|1906-01-01T00:00:00|142|1906/thistle_1906_page_142.jpg
Thistle 1906 page 143|||1906_thistle|1906-01-01T00:00:00|143|1906/thistle_1906_page_143.jpg
Thistle 1906 page 144|||1906_thistle|1906-01-01T00:00:00|144|1906/thistle_1906_page_144.jpg
Thistle 1906 page 145|||1906_thistle|1906-01-01T00:00:00|145|1906/thistle_1906_page_145.jpg
Thistle 1906 page 146|||1906_thistle|1906-01-01T00:00:00|146|1906/thistle_1906_page_146.jpg
Thistle 1906 page 147|||1906_thistle|1906-01-01T00:00:00|147|1906/thistle_1906_page_147.jpg
Thistle 1906 page 148|||1906_thistle|1906-01-01T00:00:00|148|1906/thistle_1906_page_148.jpg
Thistle 1906 page 149|||1906_thistle|1906-01-01T00:00:00|149|1906/thistle_1906_page_149.jpg
Thistle 1906 page 150|||1906_thistle|1906-01-01T00:00:00|150|1906/thistle_1906_page_150.jpg
Thistle 1906 page 151|||1906_thistle|1906-01-01T00:00:00|151|1906/thistle_1906_page_151.jpg
Thistle 1906 page 152|||1906_thistle|1906-01-01T00:00:00|152|1906/thistle_1906_page_152.jpg
Thistle 1906 page 153|||1906_thistle|1906-01-01T00:00:00|153|1906/thistle_1906_page_153.jpg
Thistle 1906 page 154|||1906_thistle|1906-01-01T00:00:00|154|1906/thistle_1906_page_154.jpg
Thistle 1906 page 155|||1906_thistle|1906-01-01T00:00:00|155|1906/thistle_1906_page_155.jpg
Thistle 1906 page 156|||1906_thistle|1906-01-01T00:00:00|156|1906/thistle_1906_page_156.jpg
Thistle 1906 page 157|||1906_thistle|1906-01-01T00:00:00|157|1906/thistle_1906_page_157.jpg
Thistle 1906 page 158|||1906_thistle|1906-01-01T00:00:00|158|1906/thistle_1906_page_158.jpg
Thistle 1906 page 159|||1906_thistle|1906-01-01T00:00:00|159|1906/thistle_1906_page_159.jpg
Thistle 1906 page 160|||1906_thistle|1906-01-01T00:00:00|160|1906/thistle_1906_page_160.jpg
Thistle 1906 page 161|||1906_thistle|1906-01-01T00:00:00|161|1906/thistle_1906_page_161.jpg
Thistle 1906 page 162|||1906_thistle|1906-01-01T00:00:00|162|1906/thistle_1906_page_162.jpg
Thistle 1906 page 163|||1906_thistle|1906-01-01T00:00:00|163|1906/thistle_1906_page_163.jpg
Thistle 1906 page 164|||1906_thistle|1906-01-01T00:00:00|164|1906/thistle_1906_page_164.jpg
Thistle 1906 page 165|||1906_thistle|1906-01-01T00:00:00|165|1906/thistle_1906_page_165.jpg
Thistle 1906 page 166|||1906_thistle|1906-01-01T00:00:00|166|1906/thistle_1906_page_166.jpg
Thistle 1906 page 167|||1906_thistle|1906-01-01T00:00:00|167|1906/thistle_1906_page_167.jpg
Thistle 1906 page 168|||1906_thistle|1906-01-01T00:00:00|168|1906/thistle_1906_page_168.jpg
Thistle 1906 page 169|||1906_thistle|1906-01-01T00:00:00|169|1906/thistle_1906_page_169.jpg
Thistle 1906 page 170|||1906_thistle|1906-01-01T00:00:00|170|1906/thistle_1906_page_170.jpg
Thistle 1906 page 171|||1906_thistle|1906-01-01T00:00:00|171|1906/thistle_1906_page_171.jpg
Thistle 1906 page 172|||1906_thistle|1906-01-01T00:00:00|172|1906/thistle_1906_page_172.jpg
Thistle 1906 page 173|||1906_thistle|1906-01-01T00:00:00|173|1906/thistle_1906_page_173.jpg
Thistle 1906 page 174|||1906_thistle|1906-01-01T00:00:00|174|1906/thistle_1906_page_174.jpg
Thistle 1906 page 175|||1906_thistle|1906-01-01T00:00:00|175|1906/thistle_1906_page_175.jpg
Thistle 1906 page 176|||1906_thistle|1906-01-01T00:00:00|176|1906/thistle_1906_page_176.jpg
Thistle 1906 page 177|||1906_thistle|1906-01-01T00:00:00|177|1906/thistle_1906_page_177.jpg
Thistle 1906 page 178|||1906_thistle|1906-01-01T00:00:00|178|1906/thistle_1906_page_178.jpg
Thistle 1906 page 179|||1906_thistle|1906-01-01T00:00:00|179|1906/thistle_1906_page_179.jpg
Thistle 1906 page 180|||1906_thistle|1906-01-01T00:00:00|180|1906/thistle_1906_page_180.jpg
Thistle 1906 page 181|||1906_thistle|1906-01-01T00:00:00|181|1906/thistle_1906_page_181.jpg
Thistle 1906 page 182|||1906_thistle|1906-01-01T00:00:00|182|1906/thistle_1906_page_182.jpg
Thistle 1906 page 183|||1906_thistle|1906-01-01T00:00:00|183|1906/thistle_1906_page_183.jpg
Thistle 1906 page 184|||1906_thistle|1906-01-01T00:00:00|184|1906/thistle_1906_page_184.jpg
Thistle 1906 page 185|||1906_thistle|1906-01-01T00:00:00|185|1906/thistle_1906_page_185.jpg
Thistle 1906 page 186|||1906_thistle|1906-01-01T00:00:00|186|1906/thistle_1906_page_186.jpg
Thistle 1906 page 187|||1906_thistle|1906-01-01T00:00:00|187|1906/thistle_1906_page_187.jpg
Thistle 1906 page 188|||1906_thistle|1906-01-01T00:00:00|188|1906/thistle_1906_page_188.jpg
Thistle 1906 page 189|||1906_thistle|1906-01-01T00:00:00|189|1906/thistle_1906_page_189.jpg
Thistle 1906 page 190|||1906_thistle|1906-01-01T00:00:00|190|1906/thistle_1906_page_190.jpg
Thistle 1906 page 191|||1906_thistle|1906-01-01T00:00:00|191|1906/thistle_1906_page_191.jpg
Thistle 1906 page 192|||1906_thistle|1906-01-01T00:00:00|192|1906/thistle_1906_page_192.jpg
Thistle 1906 page 193|||1906_thistle|1906-01-01T00:00:00|193|1906/thistle_1906_page_193.jpg
Thistle 1906 page 194|||1906_thistle|1906-01-01T00:00:00|194|1906/thistle_1906_page_194.jpg
Thistle 1906 page 195|||1906_thistle|1906-01-01T00:00:00|195|1906/thistle_1906_page_195.jpg
Thistle 1906 page 196|||1906_thistle|1906-01-01T00:00:00|196|1906/thistle_1906_page_196.jpg
Thistle 1906 page 197|||1906_thistle|1906-01-01T00:00:00|197|1906/thistle_1906_page_197.jpg
Thistle 1906 page 198|||1906_thistle|1906-01-01T00:00:00|198|1906/thistle_1906_page_198.jpg
Thistle 1906 page 199|||1906_thistle|1906-01-01T00:00:00|199|1906/thistle_1906_page_199.jpg
Thistle 1906 page 200|||1906_thistle|1906-01-01T00:00:00|200|1906/thistle_1906_page_200.jpg
Thistle 1906 page 201|||1906_thistle|1906-01-01T00:00:00|201|1906/thistle_1906_page_201.jpg
Thistle 1906 page 202|||1906_thistle|1906-01-01T00:00:00|202|1906/thistle_1906_page_202.jpg
Thistle 1906 page 203|||1906_thistle|1906-01-01T00:00:00|203|1906/thistle_1906_page_203.jpg
Thistle 1906 page 204|||1906_thistle|1906-01-01T00:00:00|204|1906/thistle_1906_page_204.jpg
Thistle 1906 page 205|||1906_thistle|1906-01-01T00:00:00|205|1906/thistle_1906_page_205.jpg
Thistle 1906 page 206|||1906_thistle|1906-01-01T00:00:00|206|1906/thistle_1906_page_206.jpg
Thistle 1907 page 1|||1907_thistle|1907-01-01T00:00:00|1|1907/thistle_1907_page_1.jpg
Thistle 1907 page 2|||1907_thistle|1907-01-01T00:00:00|2|1907/thistle_1907_page_2.jpg
Thistle 1907 page 3|||1907_thistle|1907-01-01T00:00:00|3|1907/thistle_1907_page_3.jpg
Thistle 1907 page 4|||1907_thistle|1907-01-01T00:00:00|4|1907/thistle_1907_page_4.jpg
Thistle 1907 page 5|||1907_thistle|1907-01-01T00:00:00|5|1907/thistle_1907_page_5.jpg
Thistle 1907 page 6|||1907_thistle|1907-01-01T00:00:00|6|1907/thistle_1907_page_6.jpg
Thistle 1907 page 7|||1907_thistle|1907-01-01T00:00:00|7|1907/thistle_1907_page_7.jpg
Thistle 1907 page 8|||1907_thistle|1907-01-01T00:00:00|8|1907/thistle_1907_page_8.jpg
Thistle 1907 page 9|||1907_thistle|1907-01-01T00:00:00|9|1907/thistle_1907_page_9.jpg
Thistle 1907 page 10|||1907_thistle|1907-01-01T00:00:00|10|1907/thistle_1907_page_10.jpg
Thistle 1907 page 11|||1907_thistle|1907-01-01T00:00:00|11|1907/thistle_1907_page_11.jpg
Thistle 1907 page 12|||1907_thistle|1907-01-01T00:00:00|12|1907/thistle_1907_page_12.jpg
Thistle 1907 page 13|||1907_thistle|1907-01-01T00:00:00|13|1907/thistle_1907_page_13.jpg
Thistle 1907 page 14|||1907_thistle|1907-01-01T00:00:00|14|1907/thistle_1907_page_14.jpg
Thistle 1907 page 15|||1907_thistle|1907-01-01T00:00:00|15|1907/thistle_1907_page_15.jpg
Thistle 1907 page 16|||1907_thistle|1907-01-01T00:00:00|16|1907/thistle_1907_page_16.jpg
Thistle 1907 page 17|||1907_thistle|1907-01-01T00:00:00|17|1907/thistle_1907_page_17.jpg
Thistle 1907 page 18|||1907_thistle|1907-01-01T00:00:00|18|1907/thistle_1907_page_18.jpg
Thistle 1907 page 19|||1907_thistle|1907-01-01T00:00:00|19|1907/thistle_1907_page_19.jpg
Thistle 1907 page 20|||1907_thistle|1907-01-01T00:00:00|20|1907/thistle_1907_page_20.jpg
Thistle 1907 page 21|||1907_thistle|1907-01-01T00:00:00|21|1907/thistle_1907_page_21.jpg
Thistle 1907 page 22|||1907_thistle|1907-01-01T00:00:00|22|1907/thistle_1907_page_22.jpg
Thistle 1907 page 23|||1907_thistle|1907-01-01T00:00:00|23|1907/thistle_1907_page_23.jpg
Thistle 1907 page 24|||1907_thistle|1907-01-01T00:00:00|24|1907/thistle_1907_page_24.jpg
Thistle 1907 page 25|||1907_thistle|1907-01-01T00:00:00|25|1907/thistle_1907_page_25.jpg
Thistle 1907 page 26|||1907_thistle|1907-01-01T00:00:00|26|1907/thistle_1907_page_26.jpg
Thistle 1907 page 27|||1907_thistle|1907-01-01T00:00:00|27|1907/thistle_1907_page_27.jpg
Thistle 1907 page 28|||1907_thistle|1907-01-01T00:00:00|28|1907/thistle_1907_page_28.jpg
Thistle 1907 page 29|||1907_thistle|1907-01-01T00:00:00|29|1907/thistle_1907_page_29.jpg
Thistle 1907 page 30|||1907_thistle|1907-01-01T00:00:00|30|1907/thistle_1907_page_30.jpg
Thistle 1907 page 31|||1907_thistle|1907-01-01T00:00:00|31|1907/thistle_1907_page_31.jpg
Thistle 1907 page 32|||1907_thistle|1907-01-01T00:00:00|32|1907/thistle_1907_page_32.jpg
Thistle 1907 page 33|||1907_thistle|1907-01-01T00:00:00|33|1907/thistle_1907_page_33.jpg
Thistle 1907 page 34|||1907_thistle|1907-01-01T00:00:00|34|1907/thistle_1907_page_34.jpg
Thistle 1907 page 35|||1907_thistle|1907-01-01T00:00:00|35|1907/thistle_1907_page_35.jpg
Thistle 1907 page 36|||1907_thistle|1907-01-01T00:00:00|36|1907/thistle_1907_page_36.jpg
Thistle 1907 page 37|||1907_thistle|1907-01-01T00:00:00|37|1907/thistle_1907_page_37.jpg
Thistle 1907 page 38|||1907_thistle|1907-01-01T00:00:00|38|1907/thistle_1907_page_38.jpg
Thistle 1907 page 39|||1907_thistle|1907-01-01T00:00:00|39|1907/thistle_1907_page_39.jpg
Thistle 1907 page 40|||1907_thistle|1907-01-01T00:00:00|40|1907/thistle_1907_page_40.jpg
Thistle 1907 page 41|||1907_thistle|1907-01-01T00:00:00|41|1907/thistle_1907_page_41.jpg
Thistle 1907 page 42|||1907_thistle|1907-01-01T00:00:00|42|1907/thistle_1907_page_42.jpg
Thistle 1907 page 43|||1907_thistle|1907-01-01T00:00:00|43|1907/thistle_1907_page_43.jpg
Thistle 1907 page 44|||1907_thistle|1907-01-01T00:00:00|44|1907/thistle_1907_page_44.jpg
Thistle 1907 page 45|||1907_thistle|1907-01-01T00:00:00|45|1907/thistle_1907_page_45.jpg
Thistle 1907 page 46|||1907_thistle|1907-01-01T00:00:00|46|1907/thistle_1907_page_46.jpg
Thistle 1907 page 47|||1907_thistle|1907-01-01T00:00:00|47|1907/thistle_1907_page_47.jpg
Thistle 1907 page 48|||1907_thistle|1907-01-01T00:00:00|48|1907/thistle_1907_page_48.jpg
Thistle 1907 page 49|||1907_thistle|1907-01-01T00:00:00|49|1907/thistle_1907_page_49.jpg
Thistle 1907 page 50|||1907_thistle|1907-01-01T00:00:00|50|1907/thistle_1907_page_50.jpg
Thistle 1907 page 51|||1907_thistle|1907-01-01T00:00:00|51|1907/thistle_1907_page_51.jpg
Thistle 1907 page 52|||1907_thistle|1907-01-01T00:00:00|52|1907/thistle_1907_page_52.jpg
Thistle 1907 page 53|||1907_thistle|1907-01-01T00:00:00|53|1907/thistle_1907_page_53.jpg
Thistle 1907 page 54|||1907_thistle|1907-01-01T00:00:00|54|1907/thistle_1907_page_54.jpg
Thistle 1907 page 55|||1907_thistle|1907-01-01T00:00:00|55|1907/thistle_1907_page_55.jpg
Thistle 1907 page 56|||1907_thistle|1907-01-01T00:00:00|56|1907/thistle_1907_page_56.jpg
Thistle 1907 page 57|||1907_thistle|1907-01-01T00:00:00|57|1907/thistle_1907_page_57.jpg
Thistle 1907 page 58|||1907_thistle|1907-01-01T00:00:00|58|1907/thistle_1907_page_58.jpg
Thistle 1907 page 59|||1907_thistle|1907-01-01T00:00:00|59|1907/thistle_1907_page_59.jpg
Thistle 1907 page 60|||1907_thistle|1907-01-01T00:00:00|60|1907/thistle_1907_page_60.jpg
Thistle 1907 page 61|||1907_thistle|1907-01-01T00:00:00|61|1907/thistle_1907_page_61.jpg
Thistle 1907 page 62|||1907_thistle|1907-01-01T00:00:00|62|1907/thistle_1907_page_62.jpg
Thistle 1907 page 63|||1907_thistle|1907-01-01T00:00:00|63|1907/thistle_1907_page_63.jpg
Thistle 1907 page 64|||1907_thistle|1907-01-01T00:00:00|64|1907/thistle_1907_page_64.jpg
Thistle 1907 page 65|||1907_thistle|1907-01-01T00:00:00|65|1907/thistle_1907_page_65.jpg
Thistle 1907 page 66|||1907_thistle|1907-01-01T00:00:00|66|1907/thistle_1907_page_66.jpg
Thistle 1907 page 67|||1907_thistle|1907-01-01T00:00:00|67|1907/thistle_1907_page_67.jpg
Thistle 1907 page 68|||1907_thistle|1907-01-01T00:00:00|68|1907/thistle_1907_page_68.jpg
Thistle 1907 page 69|||1907_thistle|1907-01-01T00:00:00|69|1907/thistle_1907_page_69.jpg
Thistle 1907 page 70|||1907_thistle|1907-01-01T00:00:00|70|1907/thistle_1907_page_70.jpg
Thistle 1907 page 71|||1907_thistle|1907-01-01T00:00:00|71|1907/thistle_1907_page_71.jpg
Thistle 1907 page 72|||1907_thistle|1907-01-01T00:00:00|72|1907/thistle_1907_page_72.jpg
Thistle 1907 page 73|||1907_thistle|1907-01-01T00:00:00|73|1907/thistle_1907_page_73.jpg
Thistle 1907 page 74|||1907_thistle|1907-01-01T00:00:00|74|1907/thistle_1907_page_74.jpg
Thistle 1907 page 75|||1907_thistle|1907-01-01T00:00:00|75|1907/thistle_1907_page_75.jpg
Thistle 1907 page 76|||1907_thistle|1907-01-01T00:00:00|76|1907/thistle_1907_page_76.jpg
Thistle 1907 page 77|||1907_thistle|1907-01-01T00:00:00|77|1907/thistle_1907_page_77.jpg
Thistle 1907 page 78|||1907_thistle|1907-01-01T00:00:00|78|1907/thistle_1907_page_78.jpg
Thistle 1907 page 79|||1907_thistle|1907-01-01T00:00:00|79|1907/thistle_1907_page_79.jpg
Thistle 1907 page 80|||1907_thistle|1907-01-01T00:00:00|80|1907/thistle_1907_page_80.jpg
Thistle 1907 page 81|||1907_thistle|1907-01-01T00:00:00|81|1907/thistle_1907_page_81.jpg
Thistle 1907 page 82|||1907_thistle|1907-01-01T00:00:00|82|1907/thistle_1907_page_82.jpg
Thistle 1907 page 83|||1907_thistle|1907-01-01T00:00:00|83|1907/thistle_1907_page_83.jpg
Thistle 1907 page 84|||1907_thistle|1907-01-01T00:00:00|84|1907/thistle_1907_page_84.jpg
Thistle 1907 page 85|||1907_thistle|1907-01-01T00:00:00|85|1907/thistle_1907_page_85.jpg
Thistle 1907 page 86|||1907_thistle|1907-01-01T00:00:00|86|1907/thistle_1907_page_86.jpg
Thistle 1907 page 87|||1907_thistle|1907-01-01T00:00:00|87|1907/thistle_1907_page_87.jpg
Thistle 1907 page 88|||1907_thistle|1907-01-01T00:00:00|88|1907/thistle_1907_page_88.jpg
Thistle 1907 page 89|||1907_thistle|1907-01-01T00:00:00|89|1907/thistle_1907_page_89.jpg
Thistle 1907 page 90|||1907_thistle|1907-01-01T00:00:00|90|1907/thistle_1907_page_90.jpg
Thistle 1907 page 91|||1907_thistle|1907-01-01T00:00:00|91|1907/thistle_1907_page_91.jpg
Thistle 1907 page 92|||1907_thistle|1907-01-01T00:00:00|92|1907/thistle_1907_page_92.jpg
Thistle 1907 page 93|||1907_thistle|1907-01-01T00:00:00|93|1907/thistle_1907_page_93.jpg
Thistle 1907 page 94|||1907_thistle|1907-01-01T00:00:00|94|1907/thistle_1907_page_94.jpg
Thistle 1907 page 95|||1907_thistle|1907-01-01T00:00:00|95|1907/thistle_1907_page_95.jpg
Thistle 1907 page 96|||1907_thistle|1907-01-01T00:00:00|96|1907/thistle_1907_page_96.jpg
Thistle 1907 page 97|||1907_thistle|1907-01-01T00:00:00|97|1907/thistle_1907_page_97.jpg
Thistle 1907 page 98|||1907_thistle|1907-01-01T00:00:00|98|1907/thistle_1907_page_98.jpg
Thistle 1907 page 99|||1907_thistle|1907-01-01T00:00:00|99|1907/thistle_1907_page_99.jpg
Thistle 1907 page 100|||1907_thistle|1907-01-01T00:00:00|100|1907/thistle_1907_page_100.jpg
Thistle 1907 page 101|||1907_thistle|1907-01-01T00:00:00|101|1907/thistle_1907_page_101.jpg
Thistle 1907 page 102|||1907_thistle|1907-01-01T00:00:00|102|1907/thistle_1907_page_102.jpg
Thistle 1907 page 103|||1907_thistle|1907-01-01T00:00:00|103|1907/thistle_1907_page_103.jpg
Thistle 1907 page 104|||1907_thistle|1907-01-01T00:00:00|104|1907/thistle_1907_page_104.jpg
Thistle 1907 page 105|||1907_thistle|1907-01-01T00:00:00|105|1907/thistle_1907_page_105.jpg
Thistle 1907 page 106|||1907_thistle|1907-01-01T00:00:00|106|1907/thistle_1907_page_106.jpg
Thistle 1907 page 107|||1907_thistle|1907-01-01T00:00:00|107|1907/thistle_1907_page_107.jpg
Thistle 1907 page 108|||1907_thistle|1907-01-01T00:00:00|108|1907/thistle_1907_page_108.jpg
Thistle 1907 page 109|||1907_thistle|1907-01-01T00:00:00|109|1907/thistle_1907_page_109.jpg
Thistle 1907 page 110|||1907_thistle|1907-01-01T00:00:00|110|1907/thistle_1907_page_110.jpg
Thistle 1907 page 111|||1907_thistle|1907-01-01T00:00:00|111|1907/thistle_1907_page_111.jpg
Thistle 1907 page 112|||1907_thistle|1907-01-01T00:00:00|112|1907/thistle_1907_page_112.jpg
Thistle 1907 page 113|||1907_thistle|1907-01-01T00:00:00|113|1907/thistle_1907_page_113.jpg
Thistle 1907 page 114|||1907_thistle|1907-01-01T00:00:00|114|1907/thistle_1907_page_114.jpg
Thistle 1907 page 115|||1907_thistle|1907-01-01T00:00:00|115|1907/thistle_1907_page_115.jpg
Thistle 1907 page 116|||1907_thistle|1907-01-01T00:00:00|116|1907/thistle_1907_page_116.jpg
Thistle 1907 page 117|||1907_thistle|1907-01-01T00:00:00|117|1907/thistle_1907_page_117.jpg
Thistle 1907 page 118|||1907_thistle|1907-01-01T00:00:00|118|1907/thistle_1907_page_118.jpg
Thistle 1907 page 119|||1907_thistle|1907-01-01T00:00:00|119|1907/thistle_1907_page_119.jpg
Thistle 1907 page 120|||1907_thistle|1907-01-01T00:00:00|120|1907/thistle_1907_page_120.jpg
Thistle 1907 page 121|||1907_thistle|1907-01-01T00:00:00|121|1907/thistle_1907_page_121.jpg
Thistle 1907 page 122|||1907_thistle|1907-01-01T00:00:00|122|1907/thistle_1907_page_122.jpg
Thistle 1907 page 123|||1907_thistle|1907-01-01T00:00:00|123|1907/thistle_1907_page_123.jpg
Thistle 1907 page 124|||1907_thistle|1907-01-01T00:00:00|124|1907/thistle_1907_page_124.jpg
Thistle 1907 page 125|||1907_thistle|1907-01-01T00:00:00|125|1907/thistle_1907_page_125.jpg
Thistle 1907 page 126|||1907_thistle|1907-01-01T00:00:00|126|1907/thistle_1907_page_126.jpg
Thistle 1907 page 127|||1907_thistle|1907-01-01T00:00:00|127|1907/thistle_1907_page_127.jpg
Thistle 1907 page 128|||1907_thistle|1907-01-01T00:00:00|128|1907/thistle_1907_page_128.jpg
Thistle 1907 page 129|||1907_thistle|1907-01-01T00:00:00|129|1907/thistle_1907_page_129.jpg
Thistle 1907 page 130|||1907_thistle|1907-01-01T00:00:00|130|1907/thistle_1907_page_130.jpg
Thistle 1907 page 131|||1907_thistle|1907-01-01T00:00:00|131|1907/thistle_1907_page_131.jpg
Thistle 1907 page 132|||1907_thistle|1907-01-01T00:00:00|132|1907/thistle_1907_page_132.jpg
Thistle 1907 page 133|||1907_thistle|1907-01-01T00:00:00|133|1907/thistle_1907_page_133.jpg
Thistle 1907 page 134|||1907_thistle|1907-01-01T00:00:00|134|1907/thistle_1907_page_134.jpg
Thistle 1907 page 135|||1907_thistle|1907-01-01T00:00:00|135|1907/thistle_1907_page_135.jpg
Thistle 1907 page 136|||1907_thistle|1907-01-01T00:00:00|136|1907/thistle_1907_page_136.jpg
Thistle 1907 page 137|||1907_thistle|1907-01-01T00:00:00|137|1907/thistle_1907_page_137.jpg
Thistle 1907 page 138|||1907_thistle|1907-01-01T00:00:00|138|1907/thistle_1907_page_138.jpg
Thistle 1907 page 139|||1907_thistle|1907-01-01T00:00:00|139|1907/thistle_1907_page_139.jpg
Thistle 1907 page 140|||1907_thistle|1907-01-01T00:00:00|140|1907/thistle_1907_page_140.jpg
Thistle 1907 page 141|||1907_thistle|1907-01-01T00:00:00|141|1907/thistle_1907_page_141.jpg
Thistle 1907 page 142|||1907_thistle|1907-01-01T00:00:00|142|1907/thistle_1907_page_142.jpg
Thistle 1907 page 143|||1907_thistle|1907-01-01T00:00:00|143|1907/thistle_1907_page_143.jpg
Thistle 1907 page 144|||1907_thistle|1907-01-01T00:00:00|144|1907/thistle_1907_page_144.jpg
Thistle 1907 page 145|||1907_thistle|1907-01-01T00:00:00|145|1907/thistle_1907_page_145.jpg
Thistle 1907 page 146|||1907_thistle|1907-01-01T00:00:00|146|1907/thistle_1907_page_146.jpg
Thistle 1907 page 147|||1907_thistle|1907-01-01T00:00:00|147|1907/thistle_1907_page_147.jpg
Thistle 1907 page 148|||1907_thistle|1907-01-01T00:00:00|148|1907/thistle_1907_page_148.jpg
Thistle 1907 page 149|||1907_thistle|1907-01-01T00:00:00|149|1907/thistle_1907_page_149.jpg
Thistle 1907 page 150|||1907_thistle|1907-01-01T00:00:00|150|1907/thistle_1907_page_150.jpg
Thistle 1907 page 151|||1907_thistle|1907-01-01T00:00:00|151|1907/thistle_1907_page_151.jpg
Thistle 1907 page 152|||1907_thistle|1907-01-01T00:00:00|152|1907/thistle_1907_page_152.jpg
Thistle 1907 page 153|||1907_thistle|1907-01-01T00:00:00|153|1907/thistle_1907_page_153.jpg
Thistle 1907 page 154|||1907_thistle|1907-01-01T00:00:00|154|1907/thistle_1907_page_154.jpg
Thistle 1907 page 155|||1907_thistle|1907-01-01T00:00:00|155|1907/thistle_1907_page_155.jpg
Thistle 1907 page 156|||1907_thistle|1907-01-01T00:00:00|156|1907/thistle_1907_page_156.jpg
Thistle 1907 page 157|||1907_thistle|1907-01-01T00:00:00|157|1907/thistle_1907_page_157.jpg
Thistle 1907 page 158|||1907_thistle|1907-01-01T00:00:00|158|1907/thistle_1907_page_158.jpg
Thistle 1907 page 159|||1907_thistle|1907-01-01T00:00:00|159|1907/thistle_1907_page_159.jpg
Thistle 1907 page 160|||1907_thistle|1907-01-01T00:00:00|160|1907/thistle_1907_page_160.jpg
Thistle 1907 page 161|||1907_thistle|1907-01-01T00:00:00|161|1907/thistle_1907_page_161.jpg
Thistle 1907 page 162|||1907_thistle|1907-01-01T00:00:00|162|1907/thistle_1907_page_162.jpg
Thistle 1907 page 163|||1907_thistle|1907-01-01T00:00:00|163|1907/thistle_1907_page_163.jpg
Thistle 1907 page 164|||1907_thistle|1907-01-01T00:00:00|164|1907/thistle_1907_page_164.jpg
Thistle 1907 page 165|||1907_thistle|1907-01-01T00:00:00|165|1907/thistle_1907_page_165.jpg
Thistle 1907 page 166|||1907_thistle|1907-01-01T00:00:00|166|1907/thistle_1907_page_166.jpg
Thistle 1907 page 167|||1907_thistle|1907-01-01T00:00:00|167|1907/thistle_1907_page_167.jpg
Thistle 1907 page 168|||1907_thistle|1907-01-01T00:00:00|168|1907/thistle_1907_page_168.jpg
Thistle 1907 page 169|||1907_thistle|1907-01-01T00:00:00|169|1907/thistle_1907_page_169.jpg
Thistle 1907 page 170|||1907_thistle|1907-01-01T00:00:00|170|1907/thistle_1907_page_170.jpg
Thistle 1907 page 171|||1907_thistle|1907-01-01T00:00:00|171|1907/thistle_1907_page_171.jpg
Thistle 1907 page 172|||1907_thistle|1907-01-01T00:00:00|172|1907/thistle_1907_page_172.jpg
Thistle 1907 page 173|||1907_thistle|1907-01-01T00:00:00|173|1907/thistle_1907_page_173.jpg
Thistle 1907 page 174|||1907_thistle|1907-01-01T00:00:00|174|1907/thistle_1907_page_174.jpg
Thistle 1907 page 175|||1907_thistle|1907-01-01T00:00:00|175|1907/thistle_1907_page_175.jpg
Thistle 1907 page 176|||1907_thistle|1907-01-01T00:00:00|176|1907/thistle_1907_page_176.jpg
Thistle 1907 page 177|||1907_thistle|1907-01-01T00:00:00|177|1907/thistle_1907_page_177.jpg
Thistle 1907 page 178|||1907_thistle|1907-01-01T00:00:00|178|1907/thistle_1907_page_178.jpg
Thistle 1907 page 179|||1907_thistle|1907-01-01T00:00:00|179|1907/thistle_1907_page_179.jpg
Thistle 1907 page 180|||1907_thistle|1907-01-01T00:00:00|180|1907/thistle_1907_page_180.jpg
Thistle 1907 page 181|||1907_thistle|1907-01-01T00:00:00|181|1907/thistle_1907_page_181.jpg
Thistle 1907 page 182|||1907_thistle|1907-01-01T00:00:00|182|1907/thistle_1907_page_182.jpg
Thistle 1907 page 183|||1907_thistle|1907-01-01T00:00:00|183|1907/thistle_1907_page_183.jpg
Thistle 1907 page 184|||1907_thistle|1907-01-01T00:00:00|184|1907/thistle_1907_page_184.jpg
Thistle 1907 page 185|||1907_thistle|1907-01-01T00:00:00|185|1907/thistle_1907_page_185.jpg
Thistle 1907 page 186|||1907_thistle|1907-01-01T00:00:00|186|1907/thistle_1907_page_186.jpg
Thistle 1907 page 187|||1907_thistle|1907-01-01T00:00:00|187|1907/thistle_1907_page_187.jpg
Thistle 1907 page 188|||1907_thistle|1907-01-01T00:00:00|188|1907/thistle_1907_page_188.jpg
Thistle 1907 page 189|||1907_thistle|1907-01-01T00:00:00|189|1907/thistle_1907_page_189.jpg
Thistle 1907 page 190|||1907_thistle|1907-01-01T00:00:00|190|1907/thistle_1907_page_190.jpg
Thistle 1907 page 191|||1907_thistle|1907-01-01T00:00:00|191|1907/thistle_1907_page_191.jpg
Thistle 1907 page 192|||1907_thistle|1907-01-01T00:00:00|192|1907/thistle_1907_page_192.jpg
Thistle 1907 page 193|||1907_thistle|1907-01-01T00:00:00|193|1907/thistle_1907_page_193.jpg
Thistle 1907 page 194|||1907_thistle|1907-01-01T00:00:00|194|1907/thistle_1907_page_194.jpg
Thistle 1907 page 195|||1907_thistle|1907-01-01T00:00:00|195|1907/thistle_1907_page_195.jpg
Thistle 1907 page 196|||1907_thistle|1907-01-01T00:00:00|196|1907/thistle_1907_page_196.jpg
Thistle 1907 page 197|||1907_thistle|1907-01-01T00:00:00|197|1907/thistle_1907_page_197.jpg
Thistle 1907 page 198|||1907_thistle|1907-01-01T00:00:00|198|1907/thistle_1907_page_198.jpg
Thistle 1907 page 199|||1907_thistle|1907-01-01T00:00:00|199|1907/thistle_1907_page_199.jpg
Thistle 1907 page 200|||1907_thistle|1907-01-01T00:00:00|200|1907/thistle_1907_page_200.jpg
Thistle 1907 page 201|||1907_thistle|1907-01-01T00:00:00|201|1907/thistle_1907_page_201.jpg
Thistle 1907 page 202|||1907_thistle|1907-01-01T00:00:00|202|1907/thistle_1907_page_202.jpg
Thistle 1907 page 203|||1907_thistle|1907-01-01T00:00:00|203|1907/thistle_1907_page_203.jpg
Thistle 1907 page 204|||1907_thistle|1907-01-01T00:00:00|204|1907/thistle_1907_page_204.jpg
Thistle 1907 page 205|||1907_thistle|1907-01-01T00:00:00|205|1907/thistle_1907_page_205.jpg
Thistle 1907 page 206|||1907_thistle|1907-01-01T00:00:00|206|1907/thistle_1907_page_206.jpg
Thistle 1907 page 207|||1907_thistle|1907-01-01T00:00:00|207|1907/thistle_1907_page_207.jpg
Thistle 1907 page 208|||1907_thistle|1907-01-01T00:00:00|208|1907/thistle_1907_page_208.jpg
Thistle 1907 page 209|||1907_thistle|1907-01-01T00:00:00|209|1907/thistle_1907_page_209.jpg
Thistle 1907 page 210|||1907_thistle|1907-01-01T00:00:00|210|1907/thistle_1907_page_210.jpg
Thistle 1907 page 211|||1907_thistle|1907-01-01T00:00:00|211|1907/thistle_1907_page_211.jpg
Thistle 1907 page 212|||1907_thistle|1907-01-01T00:00:00|212|1907/thistle_1907_page_212.jpg
Thistle 1907 page 213|||1907_thistle|1907-01-01T00:00:00|213|1907/thistle_1907_page_213.jpg
Thistle 1907 page 214|||1907_thistle|1907-01-01T00:00:00|214|1907/thistle_1907_page_214.jpg
Thistle 1907 page 215|||1907_thistle|1907-01-01T00:00:00|215|1907/thistle_1907_page_215.jpg
Thistle 1907 page 216|||1907_thistle|1907-01-01T00:00:00|216|1907/thistle_1907_page_216.jpg
Thistle 1907 page 217|||1907_thistle|1907-01-01T00:00:00|217|1907/thistle_1907_page_217.jpg
Thistle 1907 page 218|||1907_thistle|1907-01-01T00:00:00|218|1907/thistle_1907_page_218.jpg
Thistle 1907 page 219|||1907_thistle|1907-01-01T00:00:00|219|1907/thistle_1907_page_219.jpg
Thistle 1907 page 220|||1907_thistle|1907-01-01T00:00:00|220|1907/thistle_1907_page_220.jpg
Thistle 1907 page 221|||1907_thistle|1907-01-01T00:00:00|221|1907/thistle_1907_page_221.jpg
Thistle 1907 page 222|||1907_thistle|1907-01-01T00:00:00|222|1907/thistle_1907_page_222.jpg
Thistle 1907 page 223|||1907_thistle|1907-01-01T00:00:00|223|1907/thistle_1907_page_223.jpg
Thistle 1907 page 224|||1907_thistle|1907-01-01T00:00:00|224|1907/thistle_1907_page_224.jpg
Thistle 1907 page 225|||1907_thistle|1907-01-01T00:00:00|225|1907/thistle_1907_page_225.jpg
Thistle 1907 page 226|||1907_thistle|1907-01-01T00:00:00|226|1907/thistle_1907_page_226.jpg
Thistle 1907 page 227|||1907_thistle|1907-01-01T00:00:00|227|1907/thistle_1907_page_227.jpg
Thistle 1907 page 228|||1907_thistle|1907-01-01T00:00:00|228|1907/thistle_1907_page_228.jpg
Thistle 1907 page 229|||1907_thistle|1907-01-01T00:00:00|229|1907/thistle_1907_page_229.jpg
Thistle 1907 page 230|||1907_thistle|1907-01-01T00:00:00|230|1907/thistle_1907_page_230.jpg
Thistle 1907 page 231|||1907_thistle|1907-01-01T00:00:00|231|1907/thistle_1907_page_231.jpg
Thistle 1907 page 232|||1907_thistle|1907-01-01T00:00:00|232|1907/thistle_1907_page_232.jpg
Thistle 1907 page 233|||1907_thistle|1907-01-01T00:00:00|233|1907/thistle_1907_page_233.jpg
Thistle 1907 page 234|||1907_thistle|1907-01-01T00:00:00|234|1907/thistle_1907_page_234.jpg
Thistle 1907 page 235|||1907_thistle|1907-01-01T00:00:00|235|1907/thistle_1907_page_235.jpg
Thistle 1907 page 236|||1907_thistle|1907-01-01T00:00:00|236|1907/thistle_1907_page_236.jpg
Thistle 1907 page 237|||1907_thistle|1907-01-01T00:00:00|237|1907/thistle_1907_page_237.jpg
Thistle 1907 page 238|||1907_thistle|1907-01-01T00:00:00|238|1907/thistle_1907_page_238.jpg
Thistle 1907 page 239|||1907_thistle|1907-01-01T00:00:00|239|1907/thistle_1907_page_239.jpg
Thistle 1907 page 240|||1907_thistle|1907-01-01T00:00:00|240|1907/thistle_1907_page_240.jpg
Thistle 1907 page 241|||1907_thistle|1907-01-01T00:00:00|241|1907/thistle_1907_page_241.jpg
Thistle 1907 page 242|||1907_thistle|1907-01-01T00:00:00|242|1907/thistle_1907_page_242.jpg
Thistle 1907 page 243|||1907_thistle|1907-01-01T00:00:00|243|1907/thistle_1907_page_243.jpg
Thistle 1907 page 244|||1907_thistle|1907-01-01T00:00:00|244|1907/thistle_1907_page_244.jpg
Thistle 1907 page 245|||1907_thistle|1907-01-01T00:00:00|245|1907/thistle_1907_page_245.jpg
Thistle 1907 page 246|||1907_thistle|1907-01-01T00:00:00|246|1907/thistle_1907_page_246.jpg
Thistle 1907 page 247|||1907_thistle|1907-01-01T00:00:00|247|1907/thistle_1907_page_247.jpg
Thistle 1907 page 248|||1907_thistle|1907-01-01T00:00:00|248|1907/thistle_1907_page_248.jpg
Thistle 1907 page 249|||1907_thistle|1907-01-01T00:00:00|249|1907/thistle_1907_page_249.jpg
Thistle 1907 page 250|||1907_thistle|1907-01-01T00:00:00|250|1907/thistle_1907_page_250.jpg
Thistle 1907 page 251|||1907_thistle|1907-01-01T00:00:00|251|1907/thistle_1907_page_251.jpg
Thistle 1907 page 252|||1907_thistle|1907-01-01T00:00:00|252|1907/thistle_1907_page_252.jpg
Thistle 1907 page 253|||1907_thistle|1907-01-01T00:00:00|253|1907/thistle_1907_page_253.jpg
Thistle 1907 page 254|||1907_thistle|1907-01-01T00:00:00|254|1907/thistle_1907_page_254.jpg
Thistle 1907 page 255|||1907_thistle|1907-01-01T00:00:00|255|1907/thistle_1907_page_255.jpg
Thistle 1907 page 256|||1907_thistle|1907-01-01T00:00:00|256|1907/thistle_1907_page_256.jpg
Thistle 1907 page 257|||1907_thistle|1907-01-01T00:00:00|257|1907/thistle_1907_page_257.jpg
Thistle 1907 page 258|||1907_thistle|1907-01-01T00:00:00|258|1907/thistle_1907_page_258.jpg
Thistle 1907 page 259|||1907_thistle|1907-01-01T00:00:00|259|1907/thistle_1907_page_259.jpg
Thistle 1907 page 260|||1907_thistle|1907-01-01T00:00:00|260|1907/thistle_1907_page_260.jpg
Thistle 1907 page 261|||1907_thistle|1907-01-01T00:00:00|261|1907/thistle_1907_page_261.jpg
Thistle 1907 page 262|||1907_thistle|1907-01-01T00:00:00|262|1907/thistle_1907_page_262.jpg
Thistle 1907 page 263|||1907_thistle|1907-01-01T00:00:00|263|1907/thistle_1907_page_263.jpg
Thistle 1907 page 264|||1907_thistle|1907-01-01T00:00:00|264|1907/thistle_1907_page_264.jpg
Thistle 1907 page 265|||1907_thistle|1907-01-01T00:00:00|265|1907/thistle_1907_page_265.jpg
Thistle 1907 page 266|||1907_thistle|1907-01-01T00:00:00|266|1907/thistle_1907_page_266.jpg
Thistle 1907 page 267|||1907_thistle|1907-01-01T00:00:00|267|1907/thistle_1907_page_267.jpg